Gene Symbol,Name,Entrez GeneId,Genome Location,Tier,Hallmark,Chr Band,Somatic,Germline,Tumour Types(Somatic),Tumour Types(Germline),Cancer Syndrome,Tissue Type,Molecular Genetics,Role in Cancer,Mutation Types,Translocation Partner,Other Germline Mut,Other Syndrome,Synonyms
ABI1,abl-interactor 1,10006,10:27035522-27149864,1,Yes,12.1,yes,,AML,,,L,Dom,"TSG, fusion",T,KMT2A,,,"10006,ABI-1,ABI1,E3B1,ENSG00000136754.12,Q8IZP0,SSH3BP1"
ACVR2A,activin A receptor type 2A,92,2:148602086-148688393,1,,22.3,yes,,"large intestine carcinoma, stomach carcinoma, pancreatic carcinoma, biliary tract, oesophagus",,,E,Rec,TSG,"Mis, N, F",,,,"92,ACTRII,ACVR2,ACVR2A,ENSG00000121989.10,P27037"
AMER1,APC membrane recruitment protein 1,139285,X:63404997-63425624,1,Yes,11.2,yes,,Wilms tumour,,,O,Rec,TSG,"F, D, N, Mis",,,,"139285,AMER1,ENSG00000184675.5,FAM123B,FLJ39827,Q5JTC6,RP11-403E24.2,WTX"
APC,adenomatous polyposis of the colon gene,324,5:112043218-112181936,1,Yes,22.2,yes,yes,"colorectal, pancreatic, desmoid, hepatoblastoma, glioma, other CNS","colorectal, pancreatic, desmoid, hepatoblastoma, glioma, other CNS","adenomatous polyposis coli; Turcot syndrome","E, M, O",Rec,TSG,"D, Mis, N, F, S",,,,"324,APC,DP2,DP2.5,DP3,ENSG00000134982.12,P25054,PPP1R46"
APOBEC3B,apolipoprotein B mRNA editing enzyme catalytic subunit 3B,9582,22:39378414-39388789,1,Yes,13.1,,yes,,breast cancer,,E,Rec,"oncogene, TSG",D,,,,"9582,APOBEC3B,ENSG00000179750.11,FLJ21201,PHRBNL,Q9UH17"
ARHGAP26,Rho GTPase activating protein 26,23092,5:142149949-142606050,1,,31.3,yes,,"AML, MDS",,,L,Dom,"TSG, fusion","T, F, S",KMT2A,,,"23092,ARHGAP26,ENSG00000145819.11,GRAF,KIAA0621,OPHN1L,OPHN1L1,Q9UNA1"
ARHGEF10,Rho guanine nucleotide exchange factor 10,9639,8:1772142-1906799,2,,23.3,yes,,colon cancer,,,E,,TSG,D,,,,"9639,ARHGEF10,ENSG00000104728.11,Gef10,KIAA0294,O15013"
ARHGEF10L,Rho guanine nucleotide exchange factor 10 like,55160,1:17866330-18024364,2,,36.13,yes,,lymphoma,,,L,,TSG,D,,,,"55160,ARHGEF10L,ENSG00000074964.12,FLJ10521,KIAA1626,Q9HCE6"
ARHGEF12,RHO guanine nucleotide exchange factor (GEF) 12 (LARG),23365,11:120207787-120360645,1,,23.3,yes,,AML,,,L,Dom,"TSG, fusion",T,KMT2A,,,"23365,ARHGEF12,ENSG00000196914.4,KIAA0382,LARG,Q9NZN5"
ARID1A,AT rich interactive domain 1A (SWI-like),8289,1:27022524-27108595,1,Yes,36.11,yes,,"clear cell ovarian carcinoma, RCC, breast",,,E,Rec,"TSG, fusion","Mis, N, F, S, D, T",MAST2,,,"8289,ARID1A,B120,BAF250,BAF250a,C10rf4,C1orf4,ENSG00000117713.13,O14497,P270,SMARCF1"
ARID1B,AT rich interactive domain 1B,57492,6:157099063-157531913,1,,25.3,yes,,"breast, hepatocellular carcinoma, clear cell ovarian carcinoma",,,E,Rec,TSG,"Mis, F, N, O",,,,"57492,6A3-5,ARID1B,BAF250b,DAN15,ELD/OSA1,ENSG00000049618.17,KIAA1235,Q8NFD5,p250R"
ARID2,AT rich interactive domain 2,196528,12:46123448-46301823,1,Yes,12,yes,,hepatocellular carcinoma,,,E,Rec,TSG,"N, S, F",,,,"196528,ARID2,BAF200,DKFZp686G052,ENSG00000189079.11,FLJ30619,KIAA1557,Q68CP9"
ARNT,aryl hydrocarbon receptor nuclear translocator,405,1:150782181-150849244,1,Yes,21.3,yes,,AML,,,L,Dom,"oncogene, TSG, fusion",T,ETV6,,,"405,ARNT,ENSG00000143437.16,HIF-1beta,P27540,bHLHe2"
ASXL1,additional sex combs like 1,171023,20:30946155-31027122,1,Yes,11.21,yes,,"MDS, CMML",,,L,Rec,TSG,"F, N, Mis",,yes,Bohring-Opitz syndrome,"171023,ASXL1,ENSG00000171456.12,KIAA0978,Q8IXJ9"
ASXL2,"additional sex combs like 2, transcriptional regulator",55252,2:25956622-26101385,2,,23.3,yes,,"melanoma, CCRCC, AML",,,"E, L",,TSG,"O,N, F",,,,"55252,ASXH2,ASXL2,ENSG00000143970.12,FLJ10898,KIAA1685,Q76L83"
ATM,ataxia telangiectasia mutated,472,11:108093559-108239826,1,Yes,22.3,yes,yes,T-PLL,"leukaemia, lymphoma, medulloblastoma, glioma",ataxia-telangiectasia,"L, O",Rec,TSG,"D, Mis, N, F, S",,,,"472,ATA,ATC,ATD,ATDC,ATM,ENSG00000149311.13,Q13315,TEL1,TELO1"
ATP1A1,"ATPase, Na+/K+ transporting, alpha 1 polypeptide",476,1:116916489-116947394,1,Yes,13.1,yes,,adrenal aldosterone producing adenoma,,,E,Dom,"oncogene, TSG","Mis, O",,,,"476,ATP1A1,ENSG00000163399.11,P05023"
ATP2B3,"ATPase, Ca++ transporting, plasma membrane 3",492,X:152801580-152848387,1,Yes,28,yes,,adrenal aldosterone producing adenoma,,,E,Dom,TSG,O,,,,"492,ATP2B3,CFAP39,CLA2,ENSG00000067842.13,PMCA3,Q16720,SCAX1"
ATR,ATR serine/threonine kinase,545,3:142168079-142297668,1,Yes,23,yes,yes,"endometrial, gastric, epithelial ovarian, myeloma",oropharyngeal,familial cutaneous telangiectasia and cancer syndrome,"E; L",Dom,TSG,"F; Mis",,yes,Seckel syndrome 1,"545,ATR,ENSG00000175054.10,FRP1,MEC1,Q13535,SCKL,SCKL1"
ATRX,alpha thalassemia/mental retardation syndrome X-linked,546,X:76760356-77041702,1,Yes,21.1,yes,,"pancreatic neuroendocrine tumours, paediatric GBM",,,E,Rec,TSG,"Mis, F, N",,yes,ATR-X (alpha thalassemia/mental retardation) syndrome,"546,ATRX,ENSG00000085224.16,JMS,MRX52,P46100,RAD54,XH2,XNP"
AXIN1,axin 1,8312,16:337440-402659,1,Yes,13.3,yes,,"colorectal, endometrial, prostate, hepatocellular carcinoma, hepatoblastoma, sporadic medulloblastoma",,,"E, O",Rec,TSG,"D, Mis, N, F, S",,,,"8312,AXIN1,ENSG00000103126.10,O15169,PPP1R49"
AXIN2,axin 2,8313,17:63524681-63557765,1,Yes,24.1,yes,yes,"colorectal carcinoma, stomach carcinoma, hepatocellular carcinoma",colorectal carcinoma,oligodontia-colorectal cancer syndrome,E,Rec,TSG,"Mis, F, N",,,,"8313,AXIN2,DKFZp781B0869,ENSG00000168646.8,MGC126582,Q9Y2T1"
B2M,beta-2-microglobulin,567,15:45003675-45011075,1,Yes,21.1,yes,,"DLBCL, melanoma, colorectal adenocarcinoma",,,"E, L",Rec,TSG,"Mis, N, F",,yes,Immunodeficiency 43,"567,B2M,ENSG00000166710.13,P61769"
BAP1,BRCA1 associated protein-1 (ubiquitin carboxy-terminal hydrolase),8314,3:52435029-52444366,1,Yes,21.1,yes,yes,"uveal melanoma, breast, NSCLC, RCC","mesothelioma, uveal melanoma",,E,Rec,TSG,"N, Mis, F, S, O",,,,"8314,BAP1,ENSG00000163930.5,KIAA0272,Q92560,UCHL2,hucep-6"
BARD1,BRCA1 associated RING domain 1,580,2:215590370-215674428,1,,35,yes,yes,breast cancer,"ovarian cancer, breast cancer, endometrioid cancer",,E,,TSG,Mis,,,,"580,BARD1,ENSG00000138376.6,Q99728"
BAX,"BCL2 associated X, apoptosis regulator",581,19:49458186-49465055,1,,13.33,yes,,colorectal cancer,,,E,,TSG,"F, Mis",,,,"581,BAX,BCL2L4,ENSG00000087088.15,Q07812"
BAZ1A,bromodomain adjacent to zinc finger domain 1A,11177,14:35221943-35344853,2,,13.2,yes,,"uterine carcinosarcoma, colon cancer",,,E,,TSG,D,,,,"11177,ACF1,BAZ1A,ENSG00000198604.6,Q9NRL2,WALp1,WCRF180,hACF1"
BCL10,B-cell CLL/lymphoma 10,8915,1:85731931-85742773,1,Yes,22.3,yes,,MALT,,,L,Dom,"TSG, fusion",T,IGH,,,"8915,BCL10,CARMEN,CIPER,CLAP,ENSG00000142867.8,O95999,c-E10,mE10"
BCL11B,B-cell CLL/lymphoma 11B  (CTIP2),64919,14:99635624-99737565,1,Yes,32.2,yes,,T-ALL,,,L,Dom,"oncogene, TSG, fusion",T,TLX3,,,"64919,BCL11B,CTIP-2,CTIP2,ENSG00000127152.13,Q9C0K0,ZNF856B,hRIT1-alpha"
BCL9L,B-cell CLL/lymphoma 9-like,283149,11:118764584-118781613,1,Yes,23.3,yes,,"colorectal cancer, endometrial carcinoma, gastric cancer",,,E,,"oncogene, TSG","Mis, F",,,,"283149,BCL9L,DLNB11,ENSG00000186174.8,Q86UU0"
BCOR,BCL6 corepressor,54880,X:39910501-39956656,1,Yes,11.4,yes,,"retinoblastoma, AML, APL (translocation)",,,"L, M",Rec,"TSG, fusion","F, N, S, T",RARA,yes,Oculo-facio-cardio-dental genetic,"54880,BCOR,ENSG00000183337.12,FLJ20285,KIAA1575,Q6W2J9"
BCORL1,BCL6 corepressor-like 1,63035,X:129139164-129192058,1,Yes,26.1,yes,,"AML, HNSCC",,,"E, L",,"oncogene, TSG","Mis, N, F",,,,"63035,BCORL1,CXorf10,ENSG00000085185.11,FLJ11362,Q5H9F3"
BIRC3,baculoviral IAP repeat-containing 3,330,11:102188226-102208465,1,Yes,22.2,yes,,"CLL, MALT, MCL, MM",,,L,Dom,"oncogene, TSG, fusion","D, F, N, T, Mis",MALT1,,,"330,API2,BIRC3,ENSG00000023445.9,MALT2,MIHC,Q13489,RNF49,c-IAP2,cIAP2,hiap-1"
BLM,Bloom Syndrome,641,15:91260558-91358692,1,Yes,26.1,,yes,,"leukaemia, lymphoma, skin squamous cell, other tumour types",Bloom syndrome,"L, E",Rec,TSG,"Mis, N, F",,,,"641,BLM,BS,ENSG00000197299.6,P54132,RECQ2,RECQL3"
BMPR1A,"bone morphogenetic protein receptor, type IA",657,10:88516407-88692595,1,Yes,23.2,,yes,,gastrointestinal polyps,juvenile polyposis,E,Rec,"oncogene, TSG","Mis, N, F",,,,"657,ACVRLK3,ALK3,BMPR1A,CD292,ENSG00000107779.7,P36894"
BRCA1,familial breast/ovarian cancer gene 1,672,17:41197646-41277500,1,Yes,21.31,yes,yes,ovarian,"breast, ovarian",hereditary breast/ovarian cancer,E,Rec,TSG,"D, Mis, N, F, S",,,,"672,BRCA1,BRCC1,ENSG00000012048.15,FANCS,PPP1R53,RNF53"
BRCA2,familial breast/ovarian cancer gene 2,675,13:32889617-32973805,1,Yes,13.1,yes,yes,"breast, ovarian, pancreatic","breast, ovarian, pancreatic, leukaemia  (FANCB, FANCD1)",hereditary breast/ovarian cancer,"L, E",Rec,TSG,"D, Mis, N, F, S",,,,"675,BRCA2,BRCC2,ENSG00000139618.10,FACD,FAD,FAD1,FANCD,FANCD1,P51587,XRCC11"
BRIP1,BRCA1 interacting protein C-terminal helicase 1,83990,17:59758627-59940882,1,Yes,23.2,,yes,,"AML, leukaemia, breast","Fanconi anaemia J, breast cancer susceptiblity","L, E",Rec,TSG,"F, N, Mis",,,,"83990,BACH1,BRIP1,ENSG00000136492.4,FANCJ,OF,Q9BX63"
BTG1,"B-cell translocation gene 1, anti-proliferative",694,12:92536286-92539673,1,,21.33,yes,,B-CLL,,,L,Dom,"TSG, fusion",T,MYC,,,"694,APRO2,BTG1,ENSG00000133639.3,P62324"
BTK,Bruton agammaglobulinemia tyrosine kinase,695,X:100604438-100641183,1,Yes,22.1,yes,,"CLL, mantle cell lymphoma, WM",,,L,Dom,"oncogene, TSG",Mis,,yes,agammaglobulinemia,"695,AGMX1,ATK,BTK,ENSG00000010671.11,IMD1,PSCTK1,Q06187,XLA"
BUB1B,BUB1 budding uninhibited by benzimidazoles 1 homolog beta (yeast),701,15:40453227-40513337,1,Yes,15.1,,yes,,rhabdomyosarcoma,mosaic variegated aneuploidy,M,Rec,TSG,"Mis, N, F, S",,,,"701,BUB1B,BUBR1,Bub1A,ENSG00000156970.8,MAD3L,O60566,SSK1"
CAMTA1,calmodulin binding transcription activator 1,23261,1:6845384-7829766,1,Yes,36.31,yes,,epithelioid haemangioendothelioma,,,M,Dom,"TSG, fusion",T,WWTR1,,,"23261,CAMTA1,ENSG00000171735.14,KIAA0833,Q9Y6Y1"
CARS,cysteinyl-tRNA synthetase,833,11:3022152-3078667,1,Yes,15.4,yes,,ALCL,,,L,Dom,"TSG, fusion",T,ALK,,,"833,CARS,CARS1,ENSG00000110619.12,P49589"
CASP3,caspase 3,836,4:185548850-185570629,2,,35.1,yes,,ovarian cancer,,,E,,TSG,D,,,,"836,CASP3,CPP32,CPP32B,ENSG00000164305.13,P42574,Yama,apopain"
CASP8,"caspase 8, apoptosis-related cysteine peptidase",841,2:202122759-202152434,1,Yes,33.1,yes,,"hepatocellular, oral squamous cell, breast",,,E,Rec,TSG,"N, S, F",,,,"841,CASP8,Casp-8,ENSG00000064012.17,FLICE,MACH,MCH5,Q14790"
CASP9,caspase 9,842,1:15818765-15850790,2,,36.21,yes,,glioma,,,O,,TSG,D,,,,"842,APAF-3,CASP9,ENSG00000132906.13,ICE-LAP6,MCH6,P55211,PPP1R56"
CBFA2T3,"core-binding factor, runt domain, alpha subunit 2; translocated to, 3 (MTG-16)",863,16:88941266-89043612,1,Yes,24.3,yes,,AML,,,L,Dom,"TSG, fusion",T,"RUNX1, GLIS2",,,"863,CBFA2T3,ENSG00000129993.10,ETO2,MTG16,MTGR2,O75081,RUNX1T3,ZMYND4"
CBFB,"core-binding factor, beta subunit",865,16:67063148-67134925,1,Yes,22.1,yes,,AML,,,L,Dom,"TSG, fusion",T,MYH11,,,"865,CBFB,ENSG00000067955.9,PEBP2B,Q13951"
CBL,Cas-Br-M (murine) ecotropic retroviral transforming,867,11:119076752-119178859,1,Yes,23.3,yes,,"AML, JMML, MDS",,,L,Dom/Rec,"oncogene, TSG, fusion","T, Mis, S, O",KMT2A,,,"867,CBL,CBL2,ENSG00000110395.4,P22681,RNF55,c-Cbl"
CBLB,Cas-Br-M (murine) ecotropic retroviral transforming sequence b,868,3:105374305-105587887,1,Yes,13.11,yes,,AML,,,L,Rec,TSG,"Mis, S",,,,"868,CBLB,Cbl-b,ENSG00000114423.14,Q13191,RNF56"
CBLC,Cas-Br-M (murine) ecotropic retroviral transforming sequence c,23624,19:45281126-45303891,1,,13.32,yes,,AML,,,L,Rec,"oncogene, TSG",M,,,,"23624,CBL-3,CBL-SL,CBLC,ENSG00000142273.6,Q9ULV8,RNF57"
CCDC6,coiled-coil domain containing 6,8030,10:61548521-61666414,1,Yes,21.2,yes,,"papillary thyroid, CML, NSCLC",,,E,Dom,"TSG, fusion",T,"RET, PDGFRB",,,"8030,CCDC6,D10S170,ENSG00000108091.10,H4,PTC,Q16204,TPC,TST1"
CCNB1IP1,"cyclin B1 interacting protein 1, E3 ubiquitin protein ligase",57820,14:20779529-20797539,1,Yes,11.2,yes,,leiomyoma,,,M,Dom,"TSG, fusion",T,HMGA2,,,"57820,C14orf18,CCNB1IP1,ENSG00000100814.13,HEI10,Q9NPC3"
CCNC,cyclin C,892,6:99990256-100016849,2,,16.2,yes,,T-ALL,,,L,,TSG,D,,,,"892,CCNC,CycC,ENSG00000112237.8,P24863"
CD274,CD274 molecule,29126,9:5450525-5470547,1,,24.1,yes,,"PMBL, Hodgkin lymphoma",,,L,Dom,"TSG, fusion",T,CIITA,,,"29126,B7-H,B7-H1,B7H1,CD274,ENSG00000120217.9,PD-L1,PDCD1LG1,PDL1,Q9NZQ7"
CDC73,cell division cycle 73,79577,1:193091147-193223031,1,Yes,31.2,yes,yes,parathyroid adenoma,"parathyroid adenoma, multiple ossifying jaw fibroma",hyperparathyroidism-jaw tumour syndrome,"E, M",Rec,TSG,"Mis, N, F",,,,"79577,C1orf28,CDC73,ENSG00000134371.9,FIHP,HRPT1,HRPT2,Q6P1J9,parafibromin"
CDH1,"cadherin 1, type 1, E-cadherin (epithelial) (ECAD)",999,16:68771128-68869451,1,Yes,22.1,yes,yes,"lobular breast, gastric",gastric,familial gastric carcinoma,E,Rec,TSG,"Mis, N, F, S",,,,"999,CD324,CDH1,ENSG00000039068.14,P12830,UVO,uvomorulin"
CDH10,cadherin 10,1008,5:24487209-24645087,2,,14.2,yes,yes,melanoma,pancreatic ductal adenocarcinoma,,E,,TSG,"Mis, F, N",,,,"1008,CDH10,ENSG00000040731.6,Q9Y6N8"
CDH11,"cadherin 11, type 2, OB-cadherin (osteoblast)",1009,16:64977656-65156101,1,Yes,21,yes,,aneurysmal bone cyst,,,M,Dom,"TSG, fusion",T,USP6,,,"1009,CAD11,CDH11,ENSG00000140937.9,OB,P55287"
CDK12,cyclin-dependent kinase 12,51755,17:37618292-37691399,1,Yes,12,yes,,serous ovarian,,,E,Rec,TSG,"Mis, N, F",,,,"51755,CDK12,CRK7,CRKR,CRKRS,ENSG00000167258.9,KIAA0904,Q9NYV4"
CDKN1A,cyclin dependent kinase inhibitor 1A,1026,6:36646487-36655108,2,,21.2,yes,,bladder cancer,,,E,,"oncogene, TSG","F, N",,,,"1026,CAP20,CDKN1,CDKN1A,CIP1,ENSG00000124762.9,P21,P38936,SDI1,WAF1,p21,p21CIP1,p21Cip1/Waf1"
CDKN1B,"cyclin-dependent kinase inhibitor 1B (p27, Kip1)",1027,12:12870058-12875305,1,,13.1,yes,yes,"breast, small intestine neuroendocrine tumours","pituitary, parathyroid",multiple endocrine neoplasia type IV,E,Rec,TSG,F,,,,"1027,CDKN1B,ENSG00000111276.6,KIP1,P27KIP1,P46527"
CDKN2A,cyclin-dependent kinase inhibitor 2A (p16(INK4a)) gene,1029,9:21968055-21974865,1,Yes,21.3,yes,yes,"melanoma, multiple other tumour types","melanoma, pancreatic",familial malignant melanoma,"L, E, M, O",Rec,TSG,"D, Mis, N, F, S",,,,"1029,ARF,CDK4I,CDKN2,CDKN2A,CMM2,ENSG00000147889.12,INK4,INK4a,MLM,MTS1,P42771,p14,p14ARF,p16,p16INK4a,p19,p19Arf"
CDKN2C,"cyclin-dependent kinase inhibitor 2C (p18, inhibits CDK4)",1031,1:51426417-51440305,1,,32.3,yes,,"glioma, MM",,,"O, L",Rec,TSG,D,,,,"1031,CDKN2C,ENSG00000123080.6,INK4C,P42773,p18"
CDX2,caudal type homeo box transcription factor 2,1045,13:28536274-28545276,1,,12.2,yes,,AML,,,L,Dom,"TSG, fusion",T,ETV6,,,"1045,CDX2,CDX3,ENSG00000165556.9,Q99626"
CEBPA,"CCAAT/enhancer binding protein (C/EBP), alpha",1050,19:33790840-33793470,1,,13.11,yes,,"AML, MDS",,,L,Dom,TSG,"Mis, N, F",,,,"1050,C/EBP-alpha,CEBP,CEBPA,ENSG00000245848.2,P49715"
CHD2,chromodomain helicase DNA binding protein 2,1106,15:93443058-93571237,2,,26.1,yes,,"melanoma, large intestine, CLL, monoclonal B lymphocytosis",,,"E, L",,TSG,"Mis, F, N",,,,"1106,CHD2,DKFZp547I1315,DKFZp686E01200,DKFZp781D1727,ENSG00000173575.14,FLJ38614,O14647"
CHEK2,CHK2 checkpoint homolog (S. pombe),11200,22:29083751-29137826,1,Yes,12.1,,yes,,breast,familial breast cancer,E,Rec,TSG,F,,,,"11200,CDS1,CHEK2,CHK2,ENSG00000183765.16,HuCds1,O96017,PP1425,RAD53,bA444G7"
CIC,capicua homolog,23152,19:42788817-42799949,1,Yes,13.2,yes,,"oligodendroglioma, soft tissue sarcoma",,,"O, M",Rec,"oncogene, TSG, fusion","Mis, F, S,T","DUX4L1, FOXO4",,,"23152,CIC,ENSG00000079432.3,KIAA0306,Q96RK0"
CIITA,"class II, major histocompatibility complex, transactivator",4261,16:10971055-11023624,1,Yes,13.13,yes,,"PMBL, Hodgkin lymphoma",,,L,Dom,"TSG, fusion",T,"C15orf55, CD274, PDCD1LG2, RALGDS, RUNDC2A, RMI2, BCL6",,,"4261,C2TA,CIITA,ENSG00000179583.13,MHC2TA,NLRA,P33076"
CLTC,"clathrin, heavy polypeptide (Hc)",1213,17:57697219-57773671,1,Yes,23.1,yes,,"ALCL, renal",,,L,Dom,"TSG, fusion",T,"ALK, TFE3",,,"1213,CLTC,CLTCL2,ENSG00000141367.7,Hc,Q00610"
CLTCL1,"clathrin, heavy polypeptide-like 1",8218,22:19166986-19279237,1,Yes,11.21,yes,,ALCL,,,L,Dom,"TSG, fusion",T,?,,,"8218,CHC22,CLH22,CLTCL,CLTCL1,CLTD,ENSG00000070371.11,P53675"
CNBP,"CCHC-type zinc finger, nucleic acid binding protein",7555,3:128888945-128902753,1,Yes,21.3,yes,,aneurysmal bone cyst,,,M,Dom,"TSG, fusion",T,USP6,,,"7555,CNBP,CNBP1,DM2,ENSG00000169714.12,P62633,RNF163,ZCCHC22,ZNF9"
CNOT3,CCR4-NOT transcription complex subunit 3,4849,19:54645112-54659418,1,Yes,13.42,yes,,T-ALL,,,L,Rec,TSG,"Mis, N, F",,,,"4849,CNOT3,ENSG00000088038.13,KIAA0691,LENG2,NOT3,NOT3H,O75175"
CNTNAP2,contactin associated protein like 2,26047,7:145813453-148118090,2,,36.1,yes,,"glioma, melanoma",,,"E, O",,TSG,Mis,,,,"26047,CNTNAP2,Caspr2,ENSG00000174469.13,KIAA0868,NRXN4,Q9UHC6"
CPEB3,cytoplasmic polyadenylation element binding protein 3,22849,10:93809388-94050844,2,,23.32,yes,,lung cancer,,,E,,TSG,D,,,,"22849,CPEB3,ENSG00000107864.10,KIAA0940,Q8NE35"
CREB3L1,cAMP responsive element binding protein 3-like 1,90993,11:46299212-46342972,1,Yes,11.2,yes,,myxofibrosarcoma,,,M,Dom,"TSG, fusion",T,FUS,,,"90993,CREB3L1,ENSG00000157613.6,OASIS,Q96BA8"
CREBBP,CREB binding protein (CBP),1387,16:3775055-3930727,1,Yes,13.3,yes,,"ALL, AML, DLBCL, B-NHL",,,L,Dom/Rec,"oncogene, TSG, fusion","T, N, F, Mis, O","KMT2A, MORF, KAT6A",yes,Rubinstein-Taybi syndrome,"1387,CBP,CREBBP,ENSG00000005339.8,KAT3A,Q92793,RSTS,RTS"
CSMD3,CUB and Sushi multiple domains 3,114788,8:113235157-114449328,2,,23.3,yes,,"ovarian cancer, oral SCC, lung cancer",,,E,,TSG,"Mis, N",,,,"114788,CSMD3,ENSG00000164796.13,Q7Z407"
CTCF,CCCTC-binding factor,10664,16:67596310-67673086,1,Yes,22.1,yes,,"endometrial, breast, head and neck cancer",,,E,Dom,TSG,"Mis, N",,,"Mental retardation, autosomal dominant 21","10664,CTCF,ENSG00000102974.10,P49711"
CUL3,cullin 3,8452,2:225334867-225450065,2,,36.2,yes,,lung cancer,,,E,,TSG,N,,,,"8452,CUL3,ENSG00000036257.8,Q13618"
CUX1,cut-like homeobox 1,1523,7:101459291-101901513,1,Yes,22.1,yes,,"endometrial, melanoma, colorectal, AML, MDS, other tumour types",,,"E,L,M,O",Dom,"oncogene, TSG","N,F,S,Mis,O,T",CLDN7,,,"1523,CASP,CDP,CDP/Cut,CDP/Cux,CDP1,CUT,CUTL1,CUX,CUX1,Clox,Cux/CDP,ENSG00000257923.5,GOLIM6,P39880"
CYLD,familial cylindromatosis gene,1540,16:50776671-50835846,1,Yes,12.1,yes,yes,cylindroma,cylindroma,"familial cylindromatosis, familial trichoepithelioma, Brooke-Spiegler syndrome",E,Rec,TSG,"Mis, N, F, S",,,,"1540,CYLD,CYLD1,ENSG00000083799.13,KIAA0849,Q9NQC7,USPL2"
DAXX,death-domain associated protein,1616,6:33286335-33290791,1,Yes,21.32,yes,,"pancreatic neuroendocrine tumour, paediatric glioblastoma",,,E,Rec,"oncogene, TSG","Mis, F, N",,,,"1616,DAP6,DAXX,ENSG00000204209.6,Q9UER7"
DDB2,damage-specific DNA binding protein 2,1643,11:47236493-47260767,1,Yes,11.2,,yes,,"skin basal cell, skin squamous cell, melanoma",xeroderma pigmentosum (E),E,Rec,"oncogene, TSG","Mis, N",,,,"1643,DDB2,DDBB,ENSG00000134574.7,FLJ34321,Q92466,UV-DDB2,XPE"
DDX10,DEAD (Asp-Glu-Ala-Asp) box polypeptide 10,1662,11:108535752-108811657,1,Yes,22.3,yes,,AML*,,,L,Dom,"TSG, fusion",T,NUP98,,,"1662,DDX10,Dbp4,ENSG00000178105.5,HRH-J8,Q13206"
DDX3X,"DEAD-box helicase 3, X-linked",1654,X:41192651-41209462,1,Yes,11.4,yes,,"CLL, medulloblastoma",,,"L, O",,TSG,"Mis, N, F",,yes,"Mental retardation, X-linked 102","1654,DBX,DDX14,DDX3,DDX3X,ENSG00000215301.5,HLP2,O00571"
DICER1,"dicer 1, ribonuclease type III",23405,14:95552565-95624347,1,Yes,32.13,yes,yes,"sex cord-stromal tumour, TGCT, embryonal rhabdomyosarcoma, pleuropulmonary blastoma, pituitary blastoma, Wilms tumour, thyroid cancer, other tumour types",pleuropulmonary blastoma,familial pleuropulmonary blastoma or DICER1 syndrome,"E, M, O",Rec,TSG,"Mis, F, N",,,,"23405,DICER1,Dicer,ENSG00000100697.10,HERNA,K12H4.8-LIKE,KIAA0928,MNG1,Q9UPY3"
DNM2,dynamin 2,1785,19:10828807-10942579,1,Yes,13.2,yes,,T-ALL,,,L,Rec,TSG,"F, N, S, Mis, O",,yes,"Charcot-Marie-Tooth disease, centronuclear myopathy,  lethal congenital contracture syndrome 5","1785,CMT2M,CMTDI1,CMTDIB,DI-CMTB,DNM2,DYN2,DYNII,ENSG00000079805.12,P50570"
DNMT3A,DNA (cytosine-5-)-methyltransferase 3 alpha,1788,2:25455845-25565459,1,,23.3,yes,,AML,,,L,Dom,TSG,"Mis, F, N, S",,,,"1788,DNMT3A,ENSG00000119772.12,Q9Y6K1"
DROSHA,drosha ribonuclease III,29102,5:31400604-31532168,1,Yes,13.3,yes,,"Wilms tumour, NSCLC, bladder carcinoma",,,"E, O",,TSG,"A, Mis, N, F",,,,"29102,DROSHA,ENSG00000113360.12,Etohi2,HSA242976,Q9NRR4,RN3,RNASE3L,RNASEN"
EBF1,early B-cell factor 1,1879,5:158122928-158526769,1,Yes,33.3,yes,,lipoma,,,M,Dom,"TSG, fusion",T,HMGA2,,,"1879,COE1,EBF,EBF1,ENSG00000164330.12,OLF1,Q9UH73"
EED,embryonic ectoderm development,8726,11:85955586-85989778,2,,14.2,yes,,"malignant peripheral nerve sheath tumours, MDS and related, lung adenocarcinoma",,,"E, L",,TSG,"Mis, F",,,,"8726,EED,ENSG00000074266.13,HEED,O75530,WAIT-1"
EIF3E,"eukaryotic translation initiation factor 3, subunit E",3646,8:109213972-109260994,1,Yes,23.1,yes,,colorectal,,,E,Dom,"TSG, fusion",T,RSPO3,,,"3646,EIF3E,EIF3S6,ENSG00000104408.5,INT6,P60228,eIF3-p48,eIF3e"
ELF3,E74 like ETS transcription factor 3,1999,1:201977073-201985137,2,,32.1,yes,,pancreatic cancer,,,E,,TSG,"Mis, N, F",,,,"1999,ELF3,ENSG00000163435.11,EPR-1,ERT,ESE-1,ESX,P78545"
ELF4,E74-like factor 4 (ets domain transcription factor),2000,X:129198903-129244470,1,Yes,26.1,yes,,AML,,,L,Dom,"oncogene, TSG, fusion",T,ERG,,,"2000,ELF4,ELFR,ENSG00000102034.12,MEF,Q99607"
ELL,ELL gene (11-19 lysine-rich leukemia gene),8178,19:18553473-18632937,1,Yes,13.11,yes,,AL,,,L,Dom,"TSG, fusion",T,KMT2A,,,"8178,C19orf17,ELL,ELL1,ENSG00000105656.8,Men,P55199,PPP1R68"
EP300,300 kd E1A-Binding protein gene,2033,22:41487790-41576081,1,Yes,13.2,yes,,"colorectal, breast, pancreatic, AML, ALL, DLBCL",,,"L, E",Rec,"TSG, fusion","T,  N, F, Mis, O","KMT2A, KAT6A",,,"2033,ENSG00000100393.9,EP300,KAT3B,Q09472,p300"
EPAS1,endothelial PAS domain protein 1,2034,2:46524541-46613836,1,Yes,21,yes,,"paraganglioma, pheochromocytoma, central nervous system hemangioblastomas",,,"E, M",Dom,"oncogene, TSG",Mis,,yes,type 3 familial erythrocytosis,"2034,ENSG00000116016.9,EPAS1,HIF2A,HLF,MOP2,PASD2,Q99814,bHLHe73"
EPS15,epidermal growth factor receptor pathway substrate 15 (AF1p),2060,1:51819935-51985000,1,Yes,32.3,yes,,ALL,,,L,Dom,"TSG, fusion",T,KMT2A,,,"2060,AF-1P,ENSG00000085832.12,EPS15,MLLT5,P42566"
ERBB4,erb-b2 receptor tyrosine kinase 4,2066,2:212240446-213403565,1,Yes,34,yes,yes,"melanoma, gastric, NSCLC",,,E,Dom,"oncogene, TSG","Mis, N",,yes,Amyotrophic lateral sclerosis 19,"2066,ALS19,ENSG00000178568.9,ERBB4,HER4,Q15303"
ERCC2,"excision repair cross-complementing rodent repair deficiency, complementation group 2 (xeroderma pigmentosum D)",2068,19:45853095-45873876,1,Yes,13.32,,yes,,"skin basal cell, skin squamous cell, melanoma",xeroderma pigmentosum (D),E,Rec,TSG,"Mis, N, F, S",,,,"2068,EM9,ENSG00000104884.10,ERCC2,MAG,MGC102762,MGC126218,MGC126219,P18074,TFIIH,XPD"
ERCC3,"excision repair cross-complementing rodent repair deficiency, complementation group 3 (xeroderma pigmentosum group B complementing)",2071,2:128014866-128051752,1,Yes,14.3,,yes,,"skin basal cell, skin squamous cell, melanoma",xeroderma pigmentosum (B),E,Rec,TSG,"Mis, S",,,,"2071,BTF2,ENSG00000163161.8,ERCC3,GTF2H,P19447,RAD25,TFIIH,XPB"
ERCC4,"excision repair cross-complementing rodent repair deficiency, complementation group 4",2072,16:14014014-14046202,1,Yes,13.12,,yes,,"skin basal cell, skin squamous cell, melanoma",xeroderma pigmentosum (F),E,Rec,TSG,"Mis, N, F",,,,"2072,ENSG00000175595.10,ERCC4,FANCQ,Q92889,RAD1,XPF"
ERCC5,"excision repair cross-complementing rodent repair deficiency, complementation group 5 (xeroderma pigmentosum, complementation group G (Cockayne syndrome))",2073,13:103497194-103528345,1,Yes,33.1,,yes,,"skin basal cell, skin squamous cell, melanoma",xeroderma pigmentosum (G),E,Rec,TSG,"Mis, N, F",,,,"2073,ENSG00000134899.13,ERCC5,ERCM2,P28715,XPGC"
ESR1,estrogen receptor 1,2099,6:152011631-152424409,1,Yes,25.1,yes,,breast,,,E,Dom,"oncogene, TSG, fusion",Mis,,,,"2099,ENSG00000091831.17,ER-alpha,ESR,ESR1,Era,NR3A1,P03372"
ETNK1,ethanolamine kinase 1,55500,12:22778009-22843599,1,Yes,12.1,yes,,"aCML, CMML, SM-AHD, HES",,,L,Dom,TSG,Mis,,,,"55500,EKI,EKI1,ENSG00000139163.11,ETNK1,Q9HBU6"
ETV6,ets variant gene 6 (TEL oncogene),2120,12:11802788-12048336,1,Yes,13.2,yes,,"congenital fibrosarcoma, multiple different leukaemia and lymphoma tumour types including ALL, secretory breast, MDS",,,"L, E, M",Dom,"TSG, fusion",T,"NTRK3, RUNX1, PDGFRB, ABL1, MN1, ABL2, ACSL6, CHIC2, ARNT, JAK2, MECOM, CDX2, RNF217-AS1, MNX1, MDS2, PER1, SYK, TTL, FGFR3, PAX5",,,"2120,ENSG00000139083.6,ETV6,P41212,TEL"
EXT1,multiple exostoses type 1 gene,2131,8:118806729-119124092,1,,24.11,,yes,,"exostoses, osteosarcoma",multiple exostoses type 1,M,Rec,"TSG, fusion","Mis, N, F, S",,,,"2131,ENSG00000182197.6,EXT1,LGCR,LGS,Q16394,ttv"
EXT2,multiple exostoses type 2 gene,2132,11:44117747-44266979,1,,11.2,,yes,,"exostoses, osteosarcoma",multiple exostoses type 2,M,Rec,TSG,"Mis, N, F, S",,,,"2132,ENSG00000151348.9,EXT2,Q93063,SOTV"
EZH2,enhancer of zeste homolog 2,2146,7:148504477-148581370,1,,36.1,yes,,DLBCL,,,L,Dom,"oncogene, TSG",Mis,,,,"2146,ENSG00000106462.6,ENX-1,EZH1,EZH2,KMT6,KMT6A,Q15910"
FANCA,"Fanconi anemia, complementation group A",2175,16:89803957-89883054,1,,24.3,,yes,,"AML, leukaemia",Fanconi anaemia A,L,Rec,TSG,"D, Mis, N, F, S",,,,"2175,ENSG00000187741.10,FA-H,FAA,FACA,FAH,FANCA,FANCH,O15360"
FANCC,"Fanconi anemia, complementation group C",2176,9:97861336-98079984,1,,22.32,,yes,,"AML, leukaemia",Fanconi anaemia C,L,Rec,TSG,"D, Mis, N, F, S",,,,"2176,ENSG00000158169.7,FA3,FAC,FACC,FANCC,Q00597"
FANCD2,"Fanconi anemia, complementation group D2",2177,3:10068098-10141344,1,Yes,25.3,,yes,,"AML, leukaemia",Fanconi anaemia D2,L,Rec,TSG,"D, Mis, N, F",,,,"2177,ENSG00000144554.6,FA-D2,FACD,FAD,FANCD,FANCD2,Q9BXW9"
FANCE,"Fanconi anemia, complementation group E",2178,6:35420138-35434880,1,,21.31,,yes,,"AML, leukaemia",Fanconi anaemia E,L,Rec,TSG,"N, F, S",,,,"2178,ENSG00000112039.3,FACE,FAE,FANCE,Q9HB96"
FANCF,"Fanconi anemia, complementation group F",2188,11:22644079-22647387,1,,14.3,,yes,,"AML, leukaemia",Fanconi anaemia F,L,Rec,TSG,"N, F",,,,"2188,ENSG00000183161.3,FAF,FANCF,Q9NPI8"
FANCG,"Fanconi anemia, complementation group G",2189,9:35073835-35080013,1,,13.3,,yes,,"AML, leukaemia",Fanconi anaemia G,L,Rec,TSG,"Mis, N, F, S",,,,"2189,ENSG00000221829.5,FAG,FANCG,O15287,XRCC9"
FAS,Fas cell surface death receptor,355,10:90750414-90775542,1,Yes,23.31,yes,,"TGCT, nasal NK/T lymphoma, skin squamous cell carcinoma-burn scar related",,,"L, E, O",Rec,TSG,Mis,,yes,Autoimmune lymphoproliferative syndrome,"355,APO-1,APT1,CD95,ENSG00000026103.15,FAS,FAS1,P25445,TNFRSF6"
FAT1,FAT atypical cadherin 1,2195,4:187508937-187645009,1,Yes,35.2,yes,yes,"oral squamous cell, chemorefractory CLL, head and neck, pancreatic acinar cell carcinoma",pancreatic,,"E, L",,TSG,"Mis, N, F, S",,,,"2195,CDHF7,CDHR8,ENSG00000083857.9,FAT,FAT1,Q14517"
FAT4,FAT atypical cadherin 4,79633,4:126237554-126414087,1,Yes,28.1,yes,,"lymphoma, pancreatic, head and neck, melanoma, hepatocellular carcinoma",,,"E, L",,TSG,"Mis, N",,yes,"Hennekam lymphangiectasia-lymphedema syndrome 2, Van Maldergem syndrome 2","79633,CDHF14,CDHR11,ENSG00000196159.7,FAT-J,FAT4,Q6V0I7"
FBLN2,fibulin 2,2199,3:13590631-13679922,2,,25.1,yes,,"breast cancer, colorectal adenocarcinoma",,,E,,TSG,"Mis, S",,,,"2199,ENSG00000163520.9,FBLN2,P98095"
FBXO11,F-box protein 11,80204,2:48034059-48132932,1,Yes,16.3,yes,,DLBCL,,,L,Rec,TSG,"Mis, F, D",,,,"80204,ENSG00000138081.15,FBX11,FBXO11,Q86XK2,UBR6"
FBXW7,"F-box and WD-40 domain protein 7 (archipelago homolog, Drosophila)",55294,4:153242410-153457253,1,Yes,31.3,yes,,"colorectal, endometrial, T-ALL",,,"E, L",Rec,TSG,"Mis, N, D, F",,,,"55294,AGO,CDC4,ENSG00000109670.9,FBW7,FBX30,FBXW6,FBXW7,FLJ11071,Q969H0,SEL-10,SEL10"
FEN1,flap structure-specific endonuclease 1,2237,11:61560109-61564716,2,,12.2,,yes,,breast cancer,,E,,TSG,,,,,"2237,ENSG00000168496.3,FEN-1,FEN1,MF1,P39748,RAD2"
FES,"FES proto-oncogene, tyrosine kinase",2242,15:91427642-91439006,1,,26.1,yes,,"HNSCC, ovarian carcinoma",,,E,,"oncogene, TSG","Mis, F",,,,"2242,ENSG00000182511.7,FES,FPS,P07332"
FH,fumarate hydratase,2271,1:241660903-241683061,1,,43,,yes,,"leiomyomatosis, renal",hereditary leiomyomatosis and renal cell cancer,"E, M",Rec,TSG,"Mis, N, F",,,,"2271,ENSG00000091483.6,FH,P07954"
FHIT,fragile histidine triad gene,2272,3:59737133-61237133,1,Yes,14.2,yes,,pleomorphic salivary gland adenoma,,,E,Dom,"TSG, fusion",T,HMGA2,,,"2272,AP3Aase,ENSG00000189283.5,FHIT,FRA3B,P49789"
FLCN,folliculin,201163,17:17115526-17140453,1,,11.2,,yes,,"renal, fibrofolliculomas, trichodiscomas",Birt-Hogg-Dube syndrome,"E, M",Rec,TSG,"Mis. N, F",,,,"201163,BHD,ENSG00000154803.8,FLCN,MGC17998,MGC23445,Q8NFG4"
FOXL2,forkhead box L2,668,3:138663066-138665982,1,,22.3,yes,,granulosa-cell tumour of the ovary,,,O,Dom,"oncogene, TSG",Mis,,yes,"Blepharophimosis, ptosis and epicanthus inversus Types I, II; Premature ovarian failure type III","668,BPES,BPES1,ENSG00000183770.5,FOXL2,P58012"
FOXO1,forkhead box O1,2308,13:41129804-41240734,1,,14.11,yes,,alveolar rhabdomyosarcoma,,,M,Dom,"oncogene, TSG, fusion",T,"PAX3, PAX7",,,"2308,ENSG00000150907.6,FKH1,FKHR,FOXO1,FOXO1A,Q12778"
FOXO3,forkhead box O3,2309,6:108882069-109005971,1,,21,yes,,AL,,,L,Dom,"oncogene, TSG, fusion",T,KMT2A,,,"2309,AF6q21,ENSG00000118689.10,FKHRL1,FOXO2,FOXO3,FOXO3A,O43524"
FOXO4,forkhead box O4,4303,X:70316047-70323385,1,,13.1,yes,,"AL, soft tissue sarcoma",,,"L, M",Dom,"oncogene, TSG, fusion",T,"KMT2A, CIC",,,"4303,AFX1,ENSG00000184481.12,FOXO4,MLLT7,P98177"
FUS,"fusion, derived from t(12;16) malignant liposarcoma",2521,16:31191431-31203127,1,Yes,11.2,yes,,"liposarcoma, AML, Ewing sarcoma, angiomatoid fibrous histiocytoma, fibromyxoid sarcoma",,,"M, L",Dom,"TSG, fusion",T,"DDIT3, ERG, FEV, ATF1, CREB3L2, CREB3L1, NFATC2",,,"2521,ALS6,ENSG00000089280.14,FUS,FUS1,HNRNPP2,P35637,TLS,hnRNP-P2"
GATA1,GATA binding protein 1 (globin transcription factor 1),2623,X:48644962-48652715,1,,11.23,yes,,megakaryoblastic leukaemia of Downs syndrome,,,L,Dom,"oncogene, TSG","Mis, F",,,,"2623,ENSG00000102145.9,ERYF1,GATA-1,GATA1,GF1,NF-E1,NFE1,P15976"
GATA3,GATA binding protein 3,2625,10:8096656-8117161,1,,14,yes,,breast,,,E,Rec,"oncogene, TSG","F, N, S",,yes,"HDR syndrome (hypoparathyroidism, sensorineural deafness, and renal disease)","2625,ENSG00000107485.11,GATA3,HDR,P23771"
GPC3,glypican 3,2719,X:132669782-133119673,1,Yes,26.2,,yes,,Wilms tumour,Simpson-Golabi-Behmel syndrome,O,Rec/X,"oncogene, TSG","D, Mis, N, F, S",,,,"2719,DGSX,ENSG00000147257.9,GPC3,OCI-5,P51654,SDYS,SGB,SGBS,SGBS1"
GPC5,glypican 5,2262,13:92050929-93519490,2,,31.3,yes,,lung adenocarcinoma,,,E,,TSG,D,,,,"2262,ENSG00000179399.9,GPC5,P78333"
GRIN2A,"glutamate receptor, ionotropic, N-methyl D-aspartate 2A",2903,16:9852376-10276611,1,Yes,13.2,yes,,"melanoma, colorectal carcinoma, gastric carcinoma, lung carcinoma",,,E,Rec,TSG,"Mis, N, F, O",,yes,Focal epilepsy and speech disorder with or without mental retardation,"2903,ENSG00000183454.9,GRIN2A,GluN2A,NMDAR2A,Q12879"
HNF1A,HNF1 homeobox A,6927,12:121416346-121440315,1,Yes,24.31,yes,yes,"hepatic adenoma, hepatocellular","hepatic adenoma, hepatocellular carcinoma",familial hepatic adenoma,E,Rec,TSG,"Mis, F",,yes,"Maturity-onset diabetes of the young, TYPE III","6927,ENSG00000135100.13,HNF1,HNF1A,LFB1,MODY3,TCF1"
HOXA11,homeo box A11,3207,7:27221134-27224835,1,Yes,15.2,yes,,CML,,,L,Dom,"oncogene, TSG, fusion",T,NUP98,,,"3207,ENSG00000005073.5,HOX1,HOX1I,HOXA11,P31270"
HOXA9,homeo box A9,3205,7:27202054-27205149,1,,15.2,yes,,AML*,,,L,Dom,"oncogene, TSG, fusion",T,"NUP98, MSI2",,,"3205,ENSG00000078399.11,HOX1,HOX1G,HOXA9,P31269"
ID3,"inhibitor of DNA binding 3, HLH protein",3399,1:23884409-23886285,2,,36.12,yes,,Burkitt lymphoma,,,L,,TSG,"Mis, N",,,,"3399,ENSG00000117318.8,HEIR-1,ID3,Q02535,bHLHb25"
IGF2BP2,insulin like growth factor 2 mRNA binding protein 2,10644,3:185361527-185542844,2,,27.2,yes,,lymphoma,,,L,,TSG,D,,yes,"Diabetes mellitus, noninsulin-dependent, susceptibility","10644,ENSG00000073792.11,IGF2BP2,IMP-2,Q9Y6M1"
IKZF1,IKAROS family zinc finger 1,10320,7:50348318-50470264,1,,12.2,yes,,"ALL, DLBCL",,,L,Dom/Rec,"TSG, fusion","D,T",BCL6,,,"10320,ENSG00000185811.12,Hs.54452,IKAROS,IKZF1,LyF-1,PPP1R92,Q13422,ZNFN1A1,hIk-1"
IRF4,interferon regulatory factor 4,3662,6:391739-411447,1,,25.3,yes,,MM,,,L,Dom,"oncogene, TSG, fusion",T,IGH,,,"3662,ENSG00000137265.10,IRF4,LSIRF,MUM1,Q15306"
IRS4,insulin receptor substrate 4,8471,X:107975712-107979651,1,,22.3,yes,,"glioma, rhabdomyosarcoma, melanoma, breast cancer, T-ALL",,,"E, O, M, L",,"oncogene, TSG","Mis, F, T",TRB,,,"8471,ENSG00000133124.10,IRS-4,IRS4,O14654,PY160"
JAK1,Janus kinase 1,3716,1:65298912-65432187,1,Yes,31.3,yes,,ALL,,,L,Dom,"oncogene, TSG",Mis,,,,"3716,ENSG00000162434.7,JAK1,JAK1A,JAK1B,JTK3,P23458"
KAT6B,K(lysine) acetyltransferase 6B,23522,10:76586383-76792380,1,,22.2,yes,,"AML, leiomyoma",,,"L, M",Dom,"TSG, fusion",T,"CREBBP, KANSL1",,"Genitopatellar syndrome, Say-Barber-Biesecker/Young-Simpson syndrome","23522,ENSG00000156650.8,KAT6B,MOZ2,MYST4,Morf,Q8WYB5,ZC2HC6B,qkf,querkopf"
KDM5C,lysine (K)-specific demethylase 5C (JARID1C),8242,X:53221334-53254604,1,,11.22,yes,,clear cell renal carcinoma,,,E,Rec,TSG,"N, F, S, Mis",,yes, X-linked mental retardation syndromic Claes-Jensen-type.,"8242,DXS1272E,ENSG00000126012.7,JARID1C,KDM5C,MRX13,P41229,SMCX,XE169"
KDM6A,"lysine (K)-specific demethylase 6A, UTX",7403,X:44732757-44971847,1,Yes,11.3,yes,,"renal cell carcinoma, bladder carcinoma, oesophageal SCC, MM, medulloblastoma, T-ALL, other tumour types",,,"E, L",Rec,"oncogene, TSG","D, N, F, S",,yes,Kabuki syndrome,"7403,ENSG00000147050.10,KDM6A,O15550,UTX"
KEAP1,kelch like ECH associated protein 1,9817,19:10596796-10614417,1,Yes,13.2,yes,,"NSCLC, breast carcinoma",,,E,,TSG,"Mis, N, F",,,,"9817,ENSG00000079999.9,INrf2,KEAP1,KIAA0132,KLHL19,MGC10630,MGC1114,MGC20887,MGC4407,MGC9454,Q14145"
KLF4,Kruppel-like factor 4,9314,9:110247133-110251927,1,Yes,31.2,yes,,meningioma,,,O,Dom,"oncogene, TSG",Mis,,,,"9314,ENSG00000136826.10,EZF,GKLF,KLF4,O43474"
KLF6,Kruppel-like factor 6,1316,10:3818188-3827467,1,,15.1,yes,,"prostate, glioma",,,"E, O",Rec,TSG,"Mis, N",,,,"1316,BCD1,COPEB,CPBP,ENSG00000067082.10,GBF,KLF6,PAC1,Q99612,ST12,Zf9"
KMT2C,lysine (K)-specific methyltransferase 2C,58508,7:151832010-152133090,1,Yes,36.1,yes,,medulloblastoma,,,O,Rec,TSG,N,,,,"58508,ENSG00000055609.13,HALR,KIAA1506,KMT2C,MLL3,Q8NEZ4"
KMT2D,lysine (K)-specific methyltransferase 2D,8085,12:49412758-49449107,1,Yes,13.12,yes,,"medulloblastoma, renal",,,"O, E",Rec,"oncogene, TSG","N, F, Mis",,,,"8085,ALR,CAGL114,ENSG00000167548.10,KMT2D,MLL2,MLL4,O14686,TNRC21"
KNL1,cancer susceptibility candidate 5,57082,15:40886218-40956540,1,Yes,15.1,yes,,AML,,,L,Dom,"TSG, fusion",T,KMT2A,,,"57082,AF15Q14,CASC5,CT29,D40,ENSG00000137812.15,KIAA1570,KNL1,MCPH4,PPP1R55,Q8NG31,Spc7,hKNL-1,hSpc105"
LARP4B,La ribonucleoprotein domain family member 4B,23185,10:855484-931702,2,,15.3,yes,,"CRC, glioma",,,"E, O",,TSG,"F, D",,,,"23185,ENSG00000107929.10,KIAA0217,LARP4B,LARP5,Q92615"
LATS1,large tumor suppressor kinase 1,9113,6:149979289-150039392,1,Yes,25.1,yes,,skin basal cell carcinoma,,,E,,TSG,"Mis, N",,,,"9113,ENSG00000131023.8,LATS1,O95835,WARTS"
LATS2,large tumor suppressor kinase 2,26524,13:21547171-21635686,1,Yes,12.11,yes,,malignant mesothelioma,,,E,,TSG,"D, F, N",,,,"26524,ENSG00000150457.7,LATS2,Q9NRM7"
LEF1,lymphoid enhancer binding factor 1,51176,4:108968701-109089578,1,Yes,25,yes,,"B-ALL, T-ALL, eyelid sebaceous carcinoma, AML, lymphomas",,,"L, E",,"oncogene, TSG","Mis, N",,,,"51176,ENSG00000138795.5,LEF1,Q9UJU2,TCF10,TCF1ALPHA,TCF7L3"
LEPROTL1,leptin receptor overlapping transcript like 1,23484,8:29952996-29995864,2,,12,yes,,"lung cancer, colon cancer",,,E,,TSG,D,,,,"23484,ENSG00000104660.13,LEPROTL1,O95214,Vps55,my047"
LRIG3,leucine-rich repeats and immunoglobulin-like domains 3,121227,12:59265931-59314303,1,,14.1,yes,,NSCLC,,,E,Dom,"TSG, fusion",T,ROS1,,,"121227,ENSG00000139263.7,FLJ90440,KIAA3016,LRIG3,Q6UXM1"
LRP1B,LDL receptor related protein 1B,53353,2:140988992-142889270,1,Yes,22.2,yes,,"CLL, ovarian cancer, oesophageal squamous cell carcinoma, urothelial cancer",,,"E, L",Rec,TSG,"D, Mis, N, F",,,,"53353,ENSG00000168702.12,LRP-DIT,LRP1B,LRPDIT,Q9NZR2"
LZTR1,leucine-zipper-like transcription regulator 1,8216,22:21336302-21353327,1,Yes,11.21,yes,yes,glioblastoma,"glioblastoma, schwannoma",Schwannomatosis-2,E,Dom,TSG,"Mis, F, N",,yes,Noonan syndrome 10,"8216,BTBD29,ENSG00000099949.14,LZTR-1,LZTR1,Q8N653"
MALAT1,"metastasis associated lung adenocarcinoma transcript 1 ( lnc-RNA; non-protein coding)",378938,11:65265233-65273940,2,,13.1,yes,,"renal cell carcinoma (childhood epithelioid), lung",,,E,Dom,"oncogene, TSG, fusion",T,TFEB,,,
MAP2K4,mitogen-activated protein kinase kinase 4,6416,17:11924141-12047140,1,,12,yes,,"pancreatic, breast, colorectal",,,E,Rec,"oncogene, TSG","D, Mis, N",,,,"6416,ENSG00000065559.10,JNKK1,MAP2K4,MEK4,MKK4,P45985,PRKMK4,SERK1"
MAP3K1,"mitogen-activated protein kinase kinase kinase 1, E3 ubiquitin protein ligase",4214,5:56111401-56191979,1,,11.2,yes,,luminal A breast,,,E,Rec,"oncogene, TSG","N, F, Mis, O, S",,yes,"46,XY sex reversal 6","4214,ENSG00000095015.5,MAP3K1,MAPKKK1,MEKK,MEKK1,Q13233"
MAP3K13,mitogen-activated protein kinase kinase kinase 13,9175,3:185080908-185206885,1,Yes,27.2,yes,,breast,,,E,Rec,"oncogene, TSG",F,,,,"9175,ENSG00000073803.9,LZK,MAP3K13,MEKK13,O43283"
MAX,Myc associated factor X,4149,14:65542262-65569188,1,,23.3,yes,yes,"pheochromocytoma, endometrioid carcinoma, colon carcinoma",pheochromocytoma,,"E, O",Rec,TSG,"Mis, N, F",,,,"4149,ENSG00000125952.14,MAX,P61244,bHLHd4,bHLHd5,bHLHd6,bHLHd7,bHLHd8"
MED12,mediator complex subunit 12,9968,X:70338573-70362297,1,Yes,13.1,yes,,"uterine leiomyoma, fibroadenoma, phyllodes tumour",,,"M, E",Dom,TSG,"Mis, S, O",,yes,Opitz-Kaveggia Syndrome,"9968,CAGH45,ENSG00000184634.11,FGS1,HOPA,KIAA0192,MED12,OKS,OPA1,Q93074,TNRC11,TRAP230"
MEN1,multiple endocrine neoplasia type 1 gene,4221,11:64570996-64578766,1,Yes,13.1,yes,yes,"parathyroid tumours, pancreatic neuroendocrine tumour","parathyroid adenoma, pituitary adenoma, pancreatic islet cell, carcinoid",multiple endocrine neoplasia type 1,E,Rec,TSG,"D, Mis, N, F, S",,,,"4221,ENSG00000133895.10,MEN1,O00255"
MGMT,O-6-methylguanine-DNA methyltransferase,4255,10:131265448-131566271,2,,26.3,yes,,glioma,,,O,,TSG,D,,,,"4255,ENSG00000170430.9,MGMT,P16455"
MLF1,myeloid leukemia factor 1,4291,3:158289049-158323190,1,,25.32,yes,,AML,,,L,Dom,"TSG, fusion",T,NPM1,,,"4291,ENSG00000178053.13,MLF1,P58340"
MLH1,E.coli MutL homolog gene,4292,3:37034823-37092409,1,,22.2,yes,yes,"colorectal, endometrial, ovarian, CNS tumours","colorectal, endometrial, ovarian, CNS","hereditary non-polyposis colorectal cancer, Turcot syndrome","E, O",Rec,TSG,"D, Mis, N, F, S",,,,"4292,COCA2,ENSG00000076242.10,FCC2,HNPCC,HNPCC2,MLH1,P40692"
MRTFA,megakaryoblastic leukemia (translocation) 1,57591,22:40806285-41032689,1,,13.2,yes,,acute megakaryocytic leukaemia,,,L,Dom,"oncogene, TSG, fusion",T,RBM15,,,"57591,BSAC,ENSG00000196588.10,KIAA1438,MAL,MKL,MKL1,MRTF-A,MRTFA,Q969V6"
MSH2,mutS homolog 2 (E. coli),4436,2:47630108-47710367,1,,21,yes,yes,"colorectal, endometrial, ovarian","colorectal, endometrial, ovarian",hereditary non-polyposis colorectal cancer,E,Rec,TSG,"D, Mis, N, F, S",,,,"4436,COCA1,ENSG00000095002.8,HNPCC,HNPCC1,MSH2,P43246"
MSH6,mutS homolog 6 (E. coli),2956,2:48010221-48037240,1,,16.3,yes,yes,colorectal,"colorectal, endometrial, ovarian",hereditary non-polyposis colorectal cancer,E,Rec,TSG,"Mis, N, F, S",,,,"2956,ENSG00000116062.10,GTBP,MSH6,P52701"
MUTYH,mutY homolog (E. coli),4595,1:45794914-45806060,1,,34.1,,yes,,colorectal,adenomatous polyposis coli,E,Rec,TSG,Mis,,,,"4595,ENSG00000132781.13,MUTYH,MYH,Q9UIF7"
MYH9,"myosin, heavy polypeptide 9, non-muscle",4627,22:36677327-36784063,1,,12.3,yes,,ALCL,,,L,Dom,"TSG, fusion",T,ALK,yes,"Deafness, autosomal dominant 17, Epstein syndrome, Fechtner syndrome, May-Hegglin anomaly, Sebastian syndrome","4627,DFNA17,ENSG00000100345.16,EPSTS,FTNS,MHA,MYH9,NMHC-II-A,NMMHCA,P35579"
N4BP2,NEDD4 binding protein 2,55728,4:40058446-40159872,2,,14,yes,,lung cancer,,,E,,TSG,D,,,,"55728,B3BP,ENSG00000078177.9,N4BP2,Q86UW6"
NAB2,NGFI-A binding protein 2,4665,12:57482677-57489259,1,Yes,13.3,yes,,"solitary fibrous tumour, meningeal haemangiopericytoma",,,"M, O",Dom,"TSG, fusion",T,STAT6,,,"4665,ENSG00000166886.8,MADER,NAB2,Q15742"
NBN,nibrin,4683,8:90945564-90996944,1,,21.3,,yes,,"NHL, glioma, medulloblastoma, rhabdomyosarcoma",Nijmegen breakage syndrome,"L, E, M, O",Rec,TSG,"Mis, N, F",,,,"4683,AT-V1,AT-V2,ATV,ENSG00000104320.9,NBN,NBS,NBS1,O60934"
NCOA4,nuclear receptor coactivator 4 - PTC3 (ELE1),8031,10:51565108-51590731,1,,11.23,yes,,papillary thyroid,,,E,Dom,"TSG, fusion",T,RET,,,"8031,ARA70,DKFZp762E1112,ELE1,ENSG00000138293.15,NCOA4,PTC3,Q13772,RFG"
NCOR1,nuclear receptor corepressor 1,9611,17:15932471-16118863,1,,12,yes,,breast,,,E,Rec,TSG,"Mis, F, N, O",,yes,Ulnar-mammary syndrome,"9611,ENSG00000141027.16,KIAA1047,MGC104216,N-CoR,NCOR1,O75376,PPP1R109,TRAC1,hCIT529I10,hN-CoR"
NCOR2,nuclear receptor corepressor 2,9612,12:124808961-124979798,1,Yes,24.31,yes,,prostate,,,E,Dom,TSG,"Mis, F, N, O",,,,"9612,CTG26,ENSG00000196498.9,NCOR2,SMRT,SMRTE,TNRC14,TRAC-1"
NDRG1,N-myc downstream regulated 1,10397,8:134249419-134309829,1,Yes,24.22,yes,,prostate,,,E,Dom,"TSG, fusion",T,ERG,,,"10397,CAP43,DRG1,ENSG00000104419.10,NDR1,NDRG1,Q92597,RTP,TDD5"
NF1,neurofibromatosis type 1 gene,4763,17:29421945-29704695,1,Yes,11.2,yes,yes,"neurofibroma, glioma","neurofibroma, glioma",neurofibromatosis type 1,O,Rec,"TSG, fusion","D, Mis, N, F, S, O",,,,"4763,ENSG00000196712.12,NF1,P21359"
NF2,neurofibromatosis type 2 gene,4771,22:29999547-30094587,1,Yes,12.2,yes,yes,"meningioma, acoustic neuroma, renal","meningioma, acoustic neuroma",neurofibromatosis type 2,O,Rec,TSG,"D, Mis, N, F, S, O",,,,"4771,ACN,BANF,ENSG00000186575.13,NF2,P35240,SCH,merlin"
NFE2L2,nuclear factor (erythroid-derived 2)-like 2 (NRF2),4780,2:178095033-178129859,1,Yes,31.2,yes,,"NSCLC, HNSCC",,,E,Dom,"oncogene, TSG",Mis,,,,"4780,ENSG00000116044.11,NFE2L2,NRF2,Q16236"
NFKB2,nuclear factor of kappa light polypeptide gene enhancer in B-cells 2 (p49/p100),4791,10:104154354-104162281,1,,24.32,yes,,B-NHL,,,L,Dom,"oncogene, TSG, fusion",T,IGH,,,"4791,ENSG00000077150.13,LYT-10,NF-kB2,NFKB2,Q00653,p105,p49/p100,p52"
NFKBIE,"nuclear factor of kappa light polypeptide gene enhancer in B-cells inhibitor, epsilon",4794,6:44225903-44233500,1,,21.1,yes,,"CLL, desmoplastic melanoma",,,"L, E",Dom/Rec,TSG,"F, Mis",,,,"4794,ENSG00000146232.10,IKBE,NFKBIE,O00221"
NKX2-1,NK2 homeobox 1,7080,14:36985602-36989433,1,,13.3,yes,,NSCLC,,,E,Dom,"oncogene, TSG",A,,,,"7080,BCH,ENSG00000136352.13,NKX2-1,NKX2A,P43699,TITF1,TTF-1,TTF1"
NOTCH1,"Notch homolog 1, translocation-associated (Drosophila) (TAN1)",4851,9:139388896-139440314,1,Yes,34.3,yes,,"T-ALL, breast, bladder, skin SCC, lung SCC, head and neck SCC",,,"L, E",Dom/Rec,"oncogene, TSG, fusion","T, Mis, O","TRB, SEC16A, GABBR2",,,"4851,ENSG00000148400.9,NOTCH1,P46531,TAN1"
NOTCH2,Notch homolog 2,4853,1:120454176-120612240,1,Yes,12,yes,,"marginal zone lymphoma, DLBCL, bladder",,,"L, E",Dom/Rec,"oncogene, TSG","N, F, Mis",,yes,"Hajdu-Cheney syndrome, serpentine fibula-polycystic kidney syndrome","4853,ENSG00000134250.13,NOTCH2,Q04721"
NRG1,neuregulin 1,3084,8:32405728-32622548,1,,12,yes,,NSCLC,,,E,Dom,"TSG, fusion",T,CD74,,,"3084,ENSG00000157168.14,GGF,HGL,HRG,NDF,NRG1,NRG1-IT2,Q02297"
NTHL1,nth like DNA glycosylase 1,4913,16:2089816-2097867,2,,13.3,,yes,CRC,,Familial adenomatous polyposis,E,,TSG,"N, S",,,,"4913,ENSG00000065057.3,NTH1,NTHL1,OCTS3,P78549"
NTRK1,"neurotrophic tyrosine kinase, receptor, type 1",4914,1:156830686-156851434,1,,23.1,yes,,"papillary thyroid, Spitzoid tumour",,,E,Dom,"oncogene, TSG, fusion","T, A","TPM3, TPR, TFG, TP53, LMNA",,,"4914,ENSG00000198400.7,MTC,NTRK1,P04629,TRK,TRKA"
PABPC1,poly(A) binding protein cytoplasmic 1,26986,8:101715144-101734940,2,,22.3,yes,,"HNSCC, biliary tract carcinoma",,,E,,"oncogene, TSG","Mis, F",,,,"26986,ENSG00000070756.9,P11940,PAB1,PABP1,PABPC1,PABPC2,PABPL1"
PALB2,partner and localizer of BRCA2,79728,16:23614491-23652631,1,,12.2,,yes,,"Wilms tumour, medulloblastoma, AML ,breast","Fanconi anaemia N, breast cancer susceptibility","L, O, E",Rec,TSG,"F, N, Mis",,,,"79728,ENSG00000083093.5,FANCN,FLJ21816,PALB2,Q86YC2"
PATZ1,zinc finger protein 278 (ZSG),23598,22:31721790-31742218,1,,12.2,yes,,Ewing sarcoma,,,M,Dom,"TSG, fusion",T,EWSR1,,,"23598,ENSG00000100105.13,MAZR,PATZ,PATZ1,Q9HBE1,RIAZ,ZBTB19,ZNF278,ZSG,dJ400N23"
PAX5,paired box gene 5 (B-cell lineage specific activator protein),5079,9:36833272-37034103,1,Yes,13.2,yes,,"NHL, ALL, B-ALL",,,L,Dom,"oncogene, TSG, fusion","T, Mis, D, F, S","IGH, ETV6, PML, FOXP1, ZNF521, ELN",,,"5079,BSAP,ENSG00000196092.8,PAX5,Q02548"
PBRM1,polybromo 1,55193,3:52581857-52719852,1,Yes,21.1,yes,,"clear cell renal carcinoma, breast",,,E,Rec,TSG,"Mis, N, F, S, D, O",,,,"55193,BAF180,ENSG00000163939.14,PB1,PBRM1,Q86U86"
PER1,period homolog 1 (Drosophila),5187,17:8043790-8055753,1,Yes,13.1,yes,,"AML, CMML",,,L,Dom,"TSG, fusion",T,ETV6,,,"5187,ENSG00000179094.9,O15534,PER,PER1,RIGUI"
PHF6,PHD finger protein 6,84295,X:133507342-133562819,1,,26.2,yes,,ETP ALL,,,L,Rec,TSG,"F, N, S, Mis",,yes,Boerjeson-Forssman-Lehmann syndrome,"84295,BFLS,BORJ,CENP-31,ENSG00000156531.12,KIAA1823,MGC14797,PHF6,Q8IWS0"
PHOX2B,paired-like homeobox 2b,8929,4:41746099-41750987,1,Yes,13,yes,yes,neuroblastoma,neuroblastoma,familial neuroblastoma,O,Rec,TSG,"Mis, F",,yes,Congenital central hypoventilation syndrome,"8929,ENSG00000109132.5,NBPhox,PHOX2B,PMX2B,Phox2b,Q99453"
PIK3R1,"phosphoinositide-3-kinase, regulatory subunit 1 (alpha)",5295,5:67511548-67597649,1,Yes,13.1,yes,,"glioblastoma, ovarian, colorectal",,,"E, O",Rec,TSG,"Mis, F, O",,,,"5295,ENSG00000145675.10,GRB1,P27986,PIK3R1,p85,p85-ALPHA"
PML,promyelocytic leukemia,5371,15:74287058-74339112,1,,24.1,yes,,"APL, ALL",,,L,Dom,"TSG, fusion",T,"RARA, PAX5",,,"5371,ENSG00000140464.15,MYL,P29590,PML,RNF71,TRIM19"
PMS2,PMS2 postmeiotic segregation increased 2 (S. cerevisiae),5395,7:6012870-6048756,1,Yes,22.1,,yes,,"colorectal, endometrial, ovarian, medulloblastoma, glioma","hereditary non-polyposis colorectal cancer, Turcot syndrome",E,Rec,TSG,"Mis, N, F",,,,"5395,ENSG00000122512.10,HNPCC4,H_DJ0042M02.9,MLH4,P54278,PMS2,PMSL2"
POLD1,"DNA polymerase delta 1, catalytic subunit",5424,19:50887596-50921271,1,,13.33,yes,yes,CRC,CRC,Lynch syndrome,E,,TSG,Mis,,,,"5424,CDC2,ENSG00000062822.8,P28340,POLD,POLD1"
POLE,"polymerase (DNA directed), epsilon, catalytic subunit",5426,12:133200348-133263945,1,,24.33,yes,yes,"colorectal carcinoma, endometrioid carcinoma, stomach carcinoma, skin cancer",colorectal cancer susceptibility,,E,Rec,TSG,Mis,,yes,FILS syndrome,"5426,ENSG00000177084.12,POLE,POLE1,Q07864"
POLG,"DNA polymerase gamma, catalytic subunit",5428,15:89859534-89878078,2,,26.1,yes,,CRC,,,E,,TSG,"N, O",,yes,mitochondrial DNA depletion syndrome,"5428,ENSG00000140521.7,P54098,POLG,POLG1,POLGA"
POLQ,DNA polymerase theta,10721,3:121150278-121264853,1,,13.33,yes,yes,oral SCC,breast cancer,,E,,"oncogene, TSG",Mis,,,,"10721,ENSG00000051341.9,O75417,POLH,POLQ"
POT1,protection of telomeres 1,25913,7:124462440-124570035,1,Yes,31.33,yes,,CLL,,,L,Dom,TSG,"Mis, N",,,,"25913,DKFZp586D211,ENSG00000128513.10,POT1,Q9NUX5,hPot1"
PPARG,"peroxisome proliferative activated receptor, gamma",5468,3:12392971-12475855,1,Yes,25.2,yes,,follicular thyroid,,,E,Dom,"TSG, fusion",T,PAX8,yes,"Insulin resistance ; lipodystrophy, familial partial L;diabetes mellitus, insulin-resistantI, with acanthosis nigricans and hypertension","5468,ENSG00000132170.15,NR1C3,P37231,PPARG,PPARG1,PPARG2,PPARgamma"
PPP2R1A,"protein phosphatase 2, regulatory subunit A, alpha",5518,19:52693292-52730687,1,,13.41,yes,,clear cell ovarian carcinoma,,,E,Dom,TSG,Mis,,,,"5518,ENSG00000105568.13,P30153,PP2A-Aalpha,PP2AA,PPP2R1A,PR65A"
PPP6C,"protein phosphatase 6, catalytic subunit",5537,9:127908853-127952218,1,Yes,33.3,yes,,melanoma,,,E,Dom,TSG,"Mis, N",,,,"5537,ENSG00000119414.7,O00743,PP6,PPP6C"
PRDM1,"PR domain containing 1, with ZNF domain",639,6:106534195-106557813,1,,21,yes,,DLBCL,,,L,Rec,TSG,"D, N, Mis, F, S",,,,"639,BLIMP1,ENSG00000057657.10,O75626,PRDI-BF1,PRDM1"
PRDM2,PR/SET domain 2,7799,1:14031350-14151574,2,,36.21,yes,,"glioma, colon adenocarcinoma, gastric carcinoma, ovarian carcinoma, HNSCC",,,"E, O",,TSG,"O, F",,,,"7799,ENSG00000116731.18,HUMHOXY1,KMT8,KMT8A,MTB-ZF,PRDM2,Q13029,RIZ,RIZ1,RIZ2"
PRF1,perforin 1 (pore forming protein),5551,10:72357105-72362531,1,,22.1,,yes,,"various leukaemia, lymphoma",,L,Rec,TSG,M,,yes,Type 2 familial haemophagocytic lymphohistiocytosis,"5551,ENSG00000180644.6,HPLH2,P1,P14222,PFP,PRF1"
PRKAR1A,"protein kinase, cAMP-dependent, regulatory, type I, alpha (tissue specific extinguisher 1)",5573,17:66508568-66529572,1,Yes,24.2,yes,yes,papillary thyroid,"myxoma, endocrine, papillary thyroid",Carney complex,"E, M",Dom/Rec,"oncogene, TSG, fusion","T, Mis, N, F, S",RET,,,"5573,CNC1,ENSG00000108946.10,P10644,PRKAR1,PRKAR1A,TSE1"
PTCH1,Homolog of Drosophila Patched gene,5727,9:98205262-98270943,1,,22.32,yes,yes,"skin basal cell, medulloblastoma","skin basal cell, medulloblastoma",nevoid basal cell carcinoma syndrome,"E, M",Rec,TSG,"Mis, N, F, S",,,,"5727,BCNS,ENSG00000185920.11,NBCCS,PTCH,PTCH1,Q13635"
PTEN,phosphatase and tensin homolog gene,5728,10:89622870-89731687,1,Yes,23.31,yes,yes,"glioma, prostate, endometrial","harmartoma, glioma, prostate, endometrial","Cowden syndrome, Bannayan-Riley-Ruvalcaba syndrome","L, E, M, O",Dom,TSG,"D, Mis, N, F, S",,,,"5728,BZS,ENSG00000171862.5,MHAM,MMAC1,P60484,PTEN,PTEN1,TEP1"
PTK6,protein tyrosine kinase 6,5753,20:62159778-62168695,1,Yes,13.33,yes,,"renal, gastric, head and neck, ovarian, others",,,E,Dom,"oncogene, TSG","Mis, N",,,,"5753,BRK,ENSG00000101213.5,PTK6,Q13882"
PTPN13,"protein tyrosine phosphatase, non-receptor type 13",5783,4:87515468-87736324,1,Yes,21.3,yes,yes,"lung, NSCLC, gastric, peritoneal carcinomatosis",hepatocellular,Familial Hepatocellular Carcinoma,E,Rec,TSG,"Mis, N",,,,"5783,ENSG00000163629.8,PTP-BAS,PTP-BL,PTP1E,PTPL1,PTPN13,Q12923"
PTPN6,"protein tyrosine phosphatase, non-receptor type 6",5777,12:7060434-7070479,2,,13.31,yes,,DLBCL,,,L,,TSG,Mis,,,,"5777,ENSG00000111679.12,HCP,HCPH,P29350,PTP-1C,PTPN6,SHP-1,SHP1"
PTPRB,"protein tyrosine phosphatase, receptor type, B",5787,12:70910630-71031220,1,,15,yes,,angiosarcoma,,,E,Rec,TSG,"N, Mis, S, F",,,,"5787,ENSG00000127329.10,P23467,PTPB,PTPRB"
PTPRC,"protein tyrosine phosphatase, receptor type, C",5788,1:198608170-198726412,1,,32.1,yes,,T-ALL,,,L,Rec,TSG,"Mis, N, S",,,,"5788,CD45,ENSG00000081237.14,GP180,LCA,PTPRC,T200"
PTPRD,"protein tyrosine phosphatase, receptor type D",5789,9:8314246-10033790,2,,24.1,yes,,"lung cancer, kidney cancer, HNSCC, glioblastoma",,,"E, O",,TSG,"D, N, Mis",,,,"5789,ENSG00000153707.11,HPTP,P23468,PTPD,PTPRD"
PTPRK,"protein tyrosine phosphatase, receptor type, K",5796,6:128290122-128841728,1,,22.33,yes,,colorectal,,,E,Dom,"TSG, fusion",T,RSPO3,,,"5796,ENSG00000152894.10,PTPRK,Q15262,R-PTP-kappa"
PTPRT,"protein tyrosine phosphatase, receptor type T",11122,20:40701392-41818373,1,Yes,13.11,yes,,"HNSCC, colorectal cancer, gastric cancer, lung cancer, melanoma",,,E,,TSG,"Mis, N",,,,"11122,ENSG00000196090.8,KIAA0283,O14522,PTPRT,RPTPrho"
QKI,"QKI, KH domain containing, RNA binding",9444,6:163835675-163999628,1,Yes,26,yes,,"angiocentric glioma, colorectal cancer",,,"E, O",Dom,"oncogene, TSG","Mis, F, T",MYB,,,"9444,ENSG00000112531.12,Q96PU8,QK3,QKI"
RAD17,RAD17 checkpoint clamp loader component,5884,5:68665633-68710628,2,,13.2,yes,,"lymphoma, colon cancer",,,"E, L",,TSG,D,,,,"5884,CCYC,ENSG00000152942.14,O75943,RAD17,RAD17Sp,Rad24"
RAD21,RAD21 homolog (S. pombe),5885,8:117858174-117887105,1,Yes,24.11,yes,,"AML, endometrium, colorectal, lung",,,"L, E",Rec,"oncogene, TSG","Mis, N, F",,yes,Cornelia de Lange syndrome-4,"5885,ENSG00000164754.8,KIAA0078,O60216,RAD21,SCC1,hHR21"
RAD51B,RAD51 paralog B,5890,14:68286525-69062713,1,,24.1,yes,,"lipoma, uterine leiomyoma",,,M,Dom,"TSG, fusion",T,HMGA2,,,"5890,ENSG00000182185.14,O15315,R51H2,RAD51B,RAD51L1,REC2,hREC2"
RANBP2,RAN binding protein 2,5903,2:109335937-109402267,1,Yes,12.3,yes,,inflammatory myofibroblastic tumour,,,M,Dom,"TSG, fusion",T,ALK,,,"5903,ADANE,ANE1,ENSG00000153201.11,NUP358,P49792,RANBP2"
RB1,retinoblastoma gene,5925,13:48877911-49056122,1,Yes,14.2,yes,yes,"retinoblastoma, sarcoma, breast, small cell lung carcinoma","retinoblastoma, sarcoma, breast, small cell lung carcinoma",familial retinoblastoma,"L, E, M, O",Rec,TSG,"D, Mis, N, F, S",,,,"5925,ENSG00000139687.9,OSRC,P06400,PPP1R130,RB,RB1"
RBM10,RNA binding motif protein 10,8241,X:47004268-47046210,1,Yes,11.23,yes,,lung adenocarcinoma,,,E,Rec/X,TSG,"Mis, F, N",,yes,TARP syndrome,"8241,DXS8237E,ENSG00000182872.11,GPATC9,GPATCH9,KIAA0122,P98175,RBM10,S1-1,ZRANB5"
RECQL4,RecQ protein-like 4,9401,8:145736667-145743210,1,Yes,24.3,,yes,,"osteosarcoma, skin basal cell, skin sqamous cell",Rothmund-Thompson syndrome,M,Rec,"oncogene, TSG","N, F, S",,,,"9401,ENSG00000160957.8,RECQL4,RecQ4"
RFWD3,ring finger and WD repeat domain 3,55159,16:74655292-74700779,2,,23.1,yes,yes,lung cancer,,Fanconi anemia W,E,,TSG,D,,,,"55159,ENSG00000168411.9,FANCW,FLJ10520,Q6PCD5,RFWD3,RNF201"
RHOA,ras homolog family member A,387,3:49396578-49449635,1,Yes,21.31,yes,,"diffuse gastric, T cell lymphomas, paediatric Burkitt lymphoma",,,"E, L",Dom,"oncogene, TSG","Mis, F, O",,,,"387,ARH12,ARHA,ENSG00000067560.6,P61586,RHOA,RHOH12,Rho12,RhoA"
RHOH,ras homolog family member H,399,4:40198527-40248587,1,Yes,14,yes,,NHL,,,L,Dom,"TSG, fusion",T,BCL6,,,"399,ARHH,ENSG00000168421.8,Q15669,RHOH,RhoH,TTF"
RMI2,RecQ mediated genome instability 2,116028,16:11439288-11445619,1,,13.13,yes,,"PMBL, Hodgkin lymphoma",,,L,Dom,"TSG, fusion",T,CIITA,,,"116028,BLAP18,C16orf75,ENSG00000175643.7,MGC24665,Q96E14,RMI2"
RNF43,ring finger protein 43,54894,17:56431037-56494894,1,Yes,22,yes,,"cholangiocarcinoma, ovary, pancreas",,,E,Rec,TSG,"Mis, N, F, S",,,,"54894,DKFZp781H0392,ENSG00000108375.8,FLJ20315,Q68DV7,RNF43,URCC"
ROBO2,roundabout guidance receptor 2,6092,3:75955846-77696661,2,,12.3,yes,,"colorectal adenocarcinoma, melanoma",,,E,,TSG,F,,,,"6092,ENSG00000185008.13,KIAA1568,Q9HCK4,ROBO2"
RPL10,ribosomal protein L10,6134,X:153626571-153630680,1,,28,yes,,T-ALL,,,L,Dom,TSG,Mis,,,,"6134,DXS648,DXS648E,ENSG00000147403.12,FLJ23544,L10,NOV,P27635,QM,RPL10"
RPL22,ribosomal protein L22 (EAP),6146,1:6245080-6259672,1,,36.31,yes,,"AML, CML",,,L,Dom,"TSG, fusion",T,RUNX1,,,"6146,EAP,ENSG00000116251.5,L22,P35268,RPL22"
RPL5,ribososomal protein L5,6083,1:93297582-93307481,1,,22.1,yes,,T-ALL,,,L,Dom,TSG,"Mis, N, F",,yes,Diamond-Blackfan anaemia,"6083,ENSG00000122406.8,L5,P46777,PPP1R135,RPL5,uL18"
RSPO2,R-spondin 2,340419,8:108911545-109095876,1,,23.1,yes,,colorectal,,,E,Dom,"TSG, fusion",T,EIF3E,,,"340419,ENSG00000147655.6,MGC35555,Q6UXX9,RSPO2"
RUNX1,runt-related transcription factor 1  (AML1),861,21:36160098-36421641,1,,22.12,yes,,"AML, pre B-ALL, T-ALL",,,L,Dom,"oncogene, TSG, fusion",T,"RPL22, MECOM, CBFA2T3, RUNX1T1, ETV6, AFF3",,,"861,AML1,AMLCR1,CBFA2,ENSG00000159216.14,PEBP2A2,Q01196,RUNX1"
RUNX1T1,"runt-related transcription factor 1; translocated to, 1 (cyclin D-related)",862,8:92972359-93107706,1,Yes,21.3,yes,,AML,,,L,Dom,"oncogene, TSG, fusion",T,"KMT2A, RUNX1",,,"862,AML1T1,CBFA2T1,CDR,ENSG00000079102.12,ETO,MTG8,Q06455,RUNX1T1,ZMYND2"
SBDS,Shwachman-Bodian-Diamond syndrome protein,51119,7:66452664-66460588,1,,11.21,,yes,,"AML, MDS",Schwachman-Diamond syndrome,L,Rec,TSG,"F, N, O",,,,"51119,CGI-97,ENSG00000126524.5,FLJ10917,Q9Y3A5,SBDS,SDS,SWDS"
SDHA,"succinate dehydrogenase complex, subunit A, flavoprotein (Fp)",6389,5:218356-256815,1,Yes,15.33,yes,yes,"GIST, paraganglioma",paraganglioma,paragangliomas-5 (PGL5),"M, O",Rec,TSG,"Mis, N",,,,"6389,ENSG00000073578.12,FP,P31040,SDH2,SDHA,SDHF"
SDHAF2,succinate dehydrogenase complex assembly factor 2,54949,11:61197545-61215001,1,,12.2,,yes,,paraganglioma,familial paraganglioma,M,Rec,TSG,M,,,,"54949,C11orf79,ENSG00000167985.2,FLJ20487,PGL2,Q9NX18,SDH5,SDHAF2"
SDHB,"succinate dehydrogenase complex, subunit B, iron sulfur (Ip)",6390,1:17345217-17380665,1,,36.13,,yes,,"paraganglioma, pheochromocytoma",familial paraganglioma,O,Rec,TSG,"Mis, N, F",,,,"6390,ENSG00000117118.5,P21912,SDH,SDH1,SDHB"
SDHC,"succinate dehydrogenase complex, subunit C, integral membrane protein, 15kDa",6391,1:161284047-161332984,1,,23.3,,yes,,"paraganglioma, pheochromocytoma",familial paraganglioma,O,Rec,TSG,"Mis, N, F",,,,"6391,CYB560,ENSG00000143252.10,PGL3,Q99643,SDHC,cybL"
SDHD,"succinate dehydrogenase complex, subunit D, integral membrane protein",6392,11:111957497-111966518,1,,23.1,,yes,,"paraganglioma, pheochromocytoma",familial paraganglioma,O,Rec,TSG,"Mis, N, F, S",,,,"6392,ENSG00000204370.4,O14521,PGL,PGL1,SDHD,cybS"
SETD1B,SET domain containing 1B,23067,12:122242638-122270562,2,,24.31,yes,,"CRC, endometrium",,,E,,TSG,"D, F",,,,"23067,ENSG00000139718.6,KIAA1076,KMT2G,Q9UPS6,SETD1B,Set1B"
SETD2,SET domain containing 2,29072,3:47058179-47205457,1,,21.31,yes,,clear cell renal carcinoma,,,E,Rec,TSG,"N, F, S, Mis",,,,"29072,ENSG00000181555.15,FLJ23184,HIF-1,HYPB,KIAA1732,KMT3A,Q9BYW2,SETD2"
SFPQ,splicing factor proline/glutamine rich(polypyrimidine tract binding protein associated),6421,1:35648533-35658749,1,Yes,34.3,yes,,papillary renal,,,E,Dom,"TSG, fusion",T,TFE3,,,"6421,ENSG00000116560.6,P23246,PPP1R140,PSF,SFPQ"
SFRP4,secreted frizzled related protein 4,6424,7:37945543-37956517,1,,14.1,yes,,"colorectal cancer, melanoma, SCC, gastric cancer, oesophageal SCC",,,E,Rec,TSG,Mis,,yes,Pyle disease,"6424,ENSG00000106483.7,FRP-4,FRPHE,FRZB-2,Q6FHJ7,SFRP4,frpHE"
SH2B3,SH2B adaptor protein 3,10019,12:111843752-111889427,1,,24.12,yes,,"MPN, sAML, erythrocytosis, B-ALL",,,L,Rec,TSG,"Mis, F, N",,yes,"Coeliac disease type 13; diabetes mellitus, insulin-dependent;","10019,ENSG00000111252.6,IDDM20,LNK,Q9UQQ2,SH2B3"
SIRPA,signal regulatory protein alpha,140885,20:1875942-1920543,2,,13,yes,,"HNSCC, colorectal cancer, Lung SCC",,,E,,TSG,"O, F",,,,"140885,BIT,CD172a,ENSG00000198053.7,MFR,MYD-1,P78324,P84,PTPNS1,SHPS-1,SHPS1,SIRP,SIRP-ALPHA-1,SIRPA,SIRPalpha,SIRPalpha2"
SLC34A2,"solute carrier family 34 (sodium phosphate), member 2",10568,4:25657466-25680370,1,Yes,15.2,yes,,NSCLC,,,E,Dom,"TSG, fusion",T,ROS1,,,"10568,ENSG00000157765.7,NAPI-3B,O95436,SLC34A2"
SMAD2,SMAD family member 2,4087,18:45357922-45457512,1,Yes,21.1,yes,,"colorectal carcinoma, hepatocellular carcinoma",,,E,Rec,TSG,"Mis, N",,,,"4087,ENSG00000175387.11,JV18-1,MADH2,MADR2,Q15796,SMAD2"
SMAD3,SMAD family member 3,4088,15:67358183-67487533,1,Yes,22.33,yes,,"colorectal carcinoma, oral squamous cell carcinoma",,,E,Rec,TSG,Mis,,,,"4088,ENSG00000166949.11,HsT17436,JV15-2,MADH3,P84022,SMAD3"
SMAD4,SMAD family member 4,4089,18:48556583-48611409,1,,21.2,yes,yes,"colorectal, pancreatic, small intestine",gastrointestinal polyp,juvenile polyposis,E,Rec,TSG,"D, Mis, N, F",,,,"4089,DPC4,ENSG00000141646.9,MADH4,Q13485,SMAD4"
SMARCA4,"SWI/SNF related, matrix associated, actin dependent regulator of chromatin, subfamily a, member 4",6597,19:11071677-11172958,1,,13.2,yes,,"NSCLC, SCCOHT",,,E,Rec,TSG,"F, N, Mis, S",,,,"6597,BAF190,BRG1,ENSG00000127616.13,FLJ39786,P51532,SMARCA4,SNF2,SNF2-BETA,SNF2L4,SNF2LB,SWI2,hSNF2b"
SMARCB1,"SWI/SNF related, matrix associated, actin dependent regulator of chromatin, subfamily b, member 1",6598,22:24129161-24176703,1,,11.23,yes,yes,malignant rhabdoid,malignant rhabdoid,rhabdoid predisposition syndrome,M,Rec,TSG,"D, N, F, S",,,,"6598,BAF47,ENSG00000099956.13,Ini1,PPP1R144,Q12824,RDT,SMARCB1,SNF5,SNF5L1,Sfh1p,Snr1,hSNFS"
SMARCD1,"SWI/SNF related, matrix associated, actin dependent regulator of chromatin, subfamily d, member 1",6602,12:50478755-50494495,1,,13.12,yes,,breast,,,E,Rec,TSG,N,,,,"6602,BAF60A,CRACD1,ENSG00000066117.10,Q96GM5,Rsc6p,SMARCD1"
SMARCE1,"SWI/SNF related, matrix associated, actin dependent regulator of chromatin, subfamily e, member 1",6605,17:38781214-38804760,1,,21.2,,yes,,meningioma,,O,Rec,TSG,"F, Mis, N",,,,"6605,BAF57,ENSG00000073584.14,Q969G3,SMARCE1"
SMC1A,structural maintenance of chromosomes 1A,8243,X:53401070-53449677,2,,11.22,yes,,AML,,,L,,TSG,Mis,,yes,Cornelia de Lange syndrome,"8243,DXS423E,ENSG00000072501.13,KIAA0178,Q14683,SB1.8,SMC1A,SMC1L1,Smcb"
SOCS1,suppressor of cytokine signaling 1,8651,16:11348262-11350036,1,,13.13,yes,,"Hodgkin lymphoma, PMBL",,,L,Rec,TSG,"F, O",,,,"8651,Cish1,ENSG00000185338.4,JAB,O15524,SOCS-1,SOCS1,SSI-1,TIP3"
SOX21,SRY-box 21,11166,13:95361886-95364389,2,,32.1,yes,,multiple myeloma,,,L,,TSG,D,,,,"11166,ENSG00000125285.4,Q9Y651,SOX21,SOX25"
SPEN,spen family transcriptional repressor,23013,1:16174359-16266955,1,,36.21,yes,,"SMZL, adenoid cystic carcinoma, DLBCL",,,L,Rec,TSG,"F, Mis, N",,,,"23013,ENSG00000065526.6,KIAA0929,MINT,Q96T58,RBM15C,SHARP,SPEN"
SPOP,speckle type POZ protein,8405,17:47676248-47755525,1,Yes,21.33,yes,yes,"prostate, endometrial",prostate cancer,,E,Rec,TSG,Mis,,,,"8405,BTBD32,ENSG00000121067.13,O43791,SPOP,TEF2"
STAG1,stromal antigen 1,10274,3:136055077-136471210,2,,22.3,yes,,"colorectal cancer, AML",,,"E, L",,TSG,"Mis, N",,,,"10274,ENSG00000118007.8,Q8WVM7,SA-1,SA1,SCC3A,STAG1"
STAG2,stromal antigen 2,10735,X:123094369-123235348,1,Yes,25,yes,,"bladder carcinoma, glioblastoma, melanoma, Ewing's sarcoma, myeloid neoplasms",,,"E, L, M, O",Rec,TSG,"Mis, N, F, S",,,,"10735,ENSG00000101972.14,Q8N3U4,SA-2,SA2,SCC3B,STAG2"
STAT5B,signal transducer and activator of transcription 5B,6777,17:40351186-40428424,1,,21.2,yes,,"large granular lymphocytic leukaemia, skin basal cell, APL",,,"L, E",Dom,"oncogene, TSG, fusion","Mis, O, T",RARA,yes,IPEX-like syndrome,"6777,ENSG00000173757.5,P51692,STAT5B"
STK11,serine/threonine kinase 11 gene (LKB1),6794,19:1205740-1228428,1,,13.3,yes,yes,"NSCLC, pancreatic","jejunal hamartoma, ovarian, testicular, pancreatic",Peutz-Jeghers syndrome,"E, M, O",Rec,TSG,"D, Mis, N, F, S",,,,"6794,ENSG00000118046.10,LKB1,PJS,Q15831,STK11"
SUFU,suppressor of fused homolog (Drosophila),51684,10:104263744-104393292,1,,24.32,yes,yes,medulloblastoma,medulloblastoma,medulloblastoma predisposition,O,Rec,TSG,"D, F, S",,,,"51684,ENSG00000107882.7,PRO1280,Q9UMX1,SUFU,SUFUH,SUFUXL"
SUZ12,suppressor of zeste 12 homolog (Drosophila),23512,17:30264037-30328064,1,Yes,11.2,yes,,endometrial stromal tumour,,,M,Dom,"oncogene, TSG, fusion",T,JAZF1,,,"23512,CHET9,ENSG00000178691.6,JJAZ1,KIAA0160,Q15022,SUZ12"
TBL1XR1,transducin (beta)-like 1 X-linked receptor 1,79718,3:176737143-176914266,1,Yes,26.32,yes,,"splenic marginal zone lymphoma, primary central nervous system lymphoma, colorectal carcinoma, gallbladder carcinoma",,,"L, E, M",Rec,"oncogene, TSG, fusion","F, Mis",,,,"79718,C21,DC42,ENSG00000177565.11,FLJ12894,IRA1,Q9BZK7,TBL1XR1,TBLR1"
TBX3,T-box 3,6926,12:115108060-115121395,1,,24.21,yes,,"breast, large intestine, skin",,,E,Dom,"oncogene, TSG","Mis, N, F, O",,yes,ulnar-mammary syndrome,"6926,ENSG00000135111.10,O15119,TBX3,TBX3-ISO,UMS,XHL"
TCF3,transcription factor 3 (E2A immunoglobulin enhancer binding factors E12/E47),6929,19:1609293-1652604,1,,13.3,yes,,pre B-ALL,,,L,Dom,"oncogene, TSG, fusion",T,"PBX1, HLF, TFPT",,,"6929,E2A,E47,ENSG00000071564.10,ITF1,MGC129647,MGC129648,P15923,TCF3,VDIR,bHLHb21,p75"
TENT5C,"family with sequence similarity 46, member C",54855,1:118148556-118170994,1,,12,yes,,MM,,,L,Rec,TSG,"Mis, F, O",,,,"54855,ENSG00000183508.4,FAM46C,FLJ20202,Q5VWP2,TENT5C"
TERT,telomerase reverse transcriptase,7015,5:1253282-1295162,1,Yes,15.33,yes,yes,"melanoma, glioblastoma, hepatocellular carcinoma, bladder, skin basal cell, skin squamous cell, mesothelioma, medulloblastoma, other tumour types",melanoma,,"E, O",Dom,"oncogene, TSG",Promoter Mis,,yes,"Dyskeratosis congenita, Telomere-related pulmonary fibrosis and/or bone marrow failure  1","7015,ENSG00000164362.14,EST2,O14746,TCS1,TERT,TP2,TRT,hEST2"
TET1,tet methylcytosine dioxygenase 1,80312,10:70320413-70454239,1,Yes,21.3,yes,,AML,,,L,Dom,"oncogene, TSG, fusion",T,KMT2A,,,"80312,CXXC6,ENSG00000138336.8,KIAA1676,LCX,Q8NFU7,TET1,bA119F7.1"
TET2,tet oncogene family member 2,54790,4:106067450-106200973,1,,24,yes,,MDS,,,L,Rec,TSG,"Mis, N, F",,,,"54790,ENSG00000168769.8,FLJ20032,KIAA1546,Q6N021,TET2"
TGFBR2,transforming growth factor beta receptor II,7048,3:30648093-30735634,1,Yes,24.1,yes,yes,"head and neck, colorectal",colorectal,Hereditary Nonpolyposis Colorectal Cancer type 6,E,Rec,TSG,"Mis, F, N",,yes,Loeys-Dietz syndrome 2,"7048,ENSG00000163513.13,MFS2,P37173,TBR-ii,TBRII,TGFBR2"
TMEM127,transmembrane protein 127,55654,2:96914254-96931732,1,,11.2,,yes,,"pheochromocytoma, renal cell carcinoma",,"O, E",Rec,TSG,"F, N",,,,"55654,ENSG00000135956.4,FLJ20507,FLJ22257,O75204,TMEM127"
TNFAIP3,"tumor necrosis factor, alpha-induced protein 3",7128,6:138188581-138204449,1,Yes,23.3,yes,,"marginal zone B-cell lymphomas, Hodgkin lymphoma, PMBL",,,L,Rec,TSG,"D, N, F",,,,"7128,A20,ENSG00000118503.10,OTUD7C,P21580,TNFAIP3"
TNFRSF14,"tumor necrosis factor receptor superfamily, member 14 (herpesvirus entry mediator)",8764,1:2487805-2495268,1,,36.32,yes,,follicular lymphoma,,,L,Rec,TSG,"Mis, N, F",,,,"8764,ATAR,CD270,ENSG00000157873.13,HVEA,HVEM,LIGHTR,Q92956,TNFRSF14,TR2"
TP53,tumor protein p53,7157,17:7571720-7590856,1,Yes,13.1,yes,yes,"breast, colorectal, lung, sarcoma, adrenocortical, glioma, Spitzoid tumour, multiple other tumour types","breast, sarcoma, adrenocortical carcinoma, glioma, multiple other tumour types",Li-Fraumeni syndrome,"L, E, M, O",Rec,"oncogene, TSG, fusion","Mis, N, F, T",NTRK1,,,"7157,ENSG00000141510.11,LFS1,P04637,TP53,p53"
TP63,tumor protein p63,8626,3:189349216-189615068,1,Yes,28,yes,yes,"HNSCC, DLBCL",NSCLC,,E,,"oncogene, TSG","Mis, N, T",TBL1XR1,yes,"associated with Hay-Wells syndrome, ADULT syndrome, ectrodactyly, ectodermal dysplasia, and cleft lip/palate syndrome (EEC), acro-dermato-ungual-lacrimal-tooth syndrome, limb mammary syndrome, Rapp-Hodgkin syndrome, split hand-split foot malformation","8626,EEC3,ENSG00000073282.8,KET,NBP,OFC8,Q9H3D4,SHFM4,TP53CP,TP53L,TP63,TP73L,p51,p53CP,p63,p73H,p73L"
TPM3,tropomyosin 3,7170,1:154139941-154164687,1,,21.3,yes,,"papillary thyroid, ALCL, NSCLC, Spitzoid tumour",,,"E, L",Dom,"TSG, fusion",T,"NTRK1, ALK, ROS1",,,"7170,ENSG00000143549.15,NEM1,P06753,TPM3,TRK"
TRAF7,tumour necrosis factor receptor-associated factor 7,84231,16:2205766-2228130,1,Yes,13.3,yes,,meningioma,,,O,Dom,TSG,Mis,,,,"84231,DKFZp586I021,ENSG00000131653.8,MGC7807,Q6Q0C0,RFWD1,RNF119,TRAF7"
TRIM24,tripartite motif containing 24,8805,7:138145079-138274738,1,,34,yes,,APL,,,L,Dom,"oncogene, TSG, fusion",T,RARA,,,"8805,ENSG00000122779.12,O15164,RNF82,TIF1,TIF1A,TRIM24,Tif1a,hTIF1"
TRIM33,"tripartite motif-containing 33 (PTC7,TIF1G)",51592,1:114935399-115053781,1,,13.2,yes,,papillary thyroid,,,E,Dom,"TSG, fusion",T,RET,,,"51592,ENSG00000197323.6,FLJ11429,KIAA1113,PTC7,Q9UPN9,RFG7,TF1G,TIF1G,TIF1GAMMA,TIFGAMMA,TRIM33"
TSC1,tuberous sclerosis 1 gene,7248,9:135766735-135820008,1,,34.13,yes,yes,"renal cell carcinoma, bladder carcinoma","hamartoma, renal cell carcinoma, tuberous sclerosis tuber",Tuberous sclerosis 1,"E, O",Rec,TSG,"D, Mis, N, F, S",,,,"7248,ENSG00000165699.9,KIAA0243,LAM,Q92574,TSC,TSC1,hamartin"
TSC2,tuberous sclerosis 2 gene,7249,16:2097466-2138713,1,,13.3,yes,yes,"pulmonary lymphangioleiomyomatosis (LAM), renal angiomyolipoma, HNSCC","hamartoma, renal cell carcinoma, tuberous sclerosis tuber",Tuberous sclerosis 2,"E, O",Rec,TSG,"D, Mis, N, F, S",,,,"7249,ENSG00000103197.12,LAM,P49815,PPP1R160,TSC2,TSC4,tuberin"
USP44,ubiquitin specific peptidase 44,84101,12:95910336-95945266,2,,22,yes,,"lung cancer, colon cancer",,,E,,TSG,D,,,,"84101,ENSG00000136014.7,FLJ14528,Q9H0E7,USP44"
VHL,von Hippel-Lindau syndrome gene,7428,3:10182692-10193904,1,Yes,25.3,yes,yes,"renal, haemangioma, pheochromocytoma","renal, haemangioma, pheochromocytoma",Von Hippel-Lindau syndrome,"E, M, O",Rec,TSG,"D, Mis, N, F, S",,,,"7428,ENSG00000134086.7,P40337,VHL,VHL1"
WIF1,WNT inhibitory factor 1,11197,12:65444406-65515346,1,Yes,14.3,yes,,pleomorphic salivary gland adenoma,,,E,Dom,"TSG, fusion",T,HMGA2,,,"11197,ENSG00000156076.5,Q9Y5W5,WIF1"
WNK2,WNK lysine deficient protein kinase 2,65268,9:95947212-96080553,2,,22.31,yes,,gastric cancer,,,E,,TSG,Mis,,,,"65268,ENSG00000165238.12,KIAA1760,NY-CO-43,PRKWNK2,Q9Y3S1,SDCCAG43,WNK2"
WRN,Werner syndrome (RECQL2),7486,8:30891317-31031285,1,,12,,yes,,"osteosarcoma, meningioma, other tumour types",Werner syndrome,"L, E, M, O",Rec,TSG,"Mis, N, F, S",,,,"7486,ENSG00000165392.5,Q14191,RECQ3,RECQL2,WRN"
WT1,Wilms tumour 1 gene,7490,11:32409321-32457176,1,,13,yes,yes,"Wilms tumour, desmoplastic small round cell tumour",Wilms tumour,"Denys-Drash syndrome, Frasier syndrome, familial Wilms tumour",O,Rec,"oncogene, TSG, fusion","D, Mis, N, F, S, T",EWSR1,,,"7490,AWT1,ENSG00000184937.8,GUD,NPHS4,WAGR,WIT-2,WT1"
XPA,"xeroderma pigmentosum, complementation group A",7507,9:100437191-100459639,1,,22.33,,yes,,"skin basal cell, skin squamous cell, melanoma",xeroderma pigmentosum (A),E,Rec,TSG,"Mis, N, F, S",,,,"7507,ENSG00000136936.6,P23025,XP1,XPA,XPAC"
XPC,"xeroderma pigmentosum, complementation group C",7508,3:14186647-14220283,1,,25.1,,yes,,"skin basal cell, skin squamous cell, melanoma",xeroderma pigmentosum (C),E,Rec,TSG,"Mis, N, F, S",,,,"7508,ENSG00000154767.10,Q01831,RAD4,XPC,XPCC"
YWHAE,"tyrosine 3-monooxygenase/tryptophan 5-monooxygenase activation protein, epsilon polypeptide (14-3-3 epsilon)",7531,17:1247566-1303672,1,,13.3,yes,,endometrial stromal sarcoma,,,M,Dom,"TSG, fusion",T,"NUTM2A, NUTM2B",yes,Miller-Dieker lissencephaly syndrome,"7531,ENSG00000108953.12,FLJ45465,P62258,YWHAE"
ZBTB16,zinc finger and BTB domain containing 16,7704,11:113930315-114121398,1,Yes,23.2,yes,,APL,,,L,Dom,"TSG, fusion",T,RARA,,,"7704,ENSG00000109906.9,PLZF,Q05516,ZBTB16,ZNF145"
ZFHX3,zinc finger homeobox 3,463,16:72816784-73082274,1,Yes,22.3,yes,,"endometrial, gastric, prostate",,,E,Dom,TSG,"Mis, N",,,,"463,ATBF1,ENSG00000140836.10,Q15911,ZFHX3,ZNF927"
ZMYM3,zinc finger MYM-type containing 3,9203,X:70459474-70474499,2,,13.1,yes,,"CRC, breast cancer",,,E,,TSG,F,,,,"9203,DXS6673E,ENSG00000147130.10,KIAA0385,MYM,Q14202,ZMYM3,ZNF198L2,ZNF261"
ZNF331,zinc finger protein 331,55422,19:54024278-54083523,1,,13.42,yes,,follicular thyroid adenoma,,,E,Dom,"TSG, fusion",T,?,,,"55422,ENSG00000130844.12,Q9NQX6,RITA,ZNF331,ZNF361,ZNF463"
ZNRF3,zinc and ring finger 3,84133,22:29279580-29453475,2,,12.1,yes,,"colorectal cancer, adrenocortical carcinoma, gastric cancer",,,E,,TSG,"N, F, Mis",,,,"84133,BK747E2.3,ENSG00000183579.11,FLJ22057,KIAA1133,Q9ULT6,RNF203,ZNRF3"
ZRSR2,"zinc finger (CCCH type), RNA-binding motif and serine/arginine rich 2",8233,X:15808595-15841383,1,Yes,22.2,yes,,"MDS, CLL",,,L,Rec,TSG,"F, S, Mis",,,,"8233,ENSG00000169249.8,Q15696,U2AF1-RS2,U2AF1L2,URP,ZC3H22,ZRSR2"
